station_id,external_id,name,short_name,lat,lon,rental_methods,capacity,electric_bike_surcharge_waiver,is_charging_info,eightd_has_key_dispenser,has_kiosk,eightd_station_services,num_bikes_available,num_ebikes_available,num_bikes_disabled,num_docks_available,num_docks_disabled,is_installed,is_renting,is_returning,last_reported,eightd_has_available_keys,is_charging_status,eightd_active_station_services,total_capacity,utilization_rate
1,0b0fda98-08f3-11e7-a1cb-3863bb33a4e4,Drummond / de Maisonneuve,6001,45.4996545106653,-73.57633531093597,"['KEY', 'CREDITCARD']",27,False,False,False,True,,7,1,0,20,0,1,1,1,1764183560,False,False,,27,0.25925925925925924
3,0b0fe114-08f3-11e7-a1cb-3863bb33a4e4,Clark / Ontario,6003,45.510587509716636,-73.56684565544128,"['KEY', 'CREDITCARD']",19,False,False,False,True,,8,1,0,11,0,1,1,1,1764183931,False,False,,19,0.42105263157894735
4,0b0fe2b5-08f3-11e7-a1cb-3863bb33a4e4,du Champ-de-Mars / Gosford,6004,45.50965520472071,-73.55400860309601,"['KEY', 'CREDITCARD']",23,False,False,False,True,,10,0,0,13,0,1,1,1,1764178994,False,False,,23,0.43478260869565216
7,0b0fe76d-08f3-11e7-a1cb-3863bb33a4e4,Ste-Catherine / de Bullion,6007,45.51113072062821,-73.56280624866486,"['KEY', 'CREDITCARD']",23,False,False,False,True,,7,2,0,16,0,1,1,1,1764183697,False,False,,23,0.30434782608695654
8,0b0fe8e4-08f3-11e7-a1cb-3863bb33a4e4,Ste-Catherine / Sanguinet,6008,45.512936177874096,-73.56124520301817,"['KEY', 'CREDITCARD']",43,False,False,False,True,,12,0,1,30,0,1,1,1,1764184011,False,False,,42,0.2857142857142857
9,0b0fea54-08f3-11e7-a1cb-3863bb33a4e4,Crescent / de Maisonneuve,6009,45.49812041247333,-73.57759594917297,"['KEY', 'CREDITCARD']",23,False,False,False,True,,7,0,0,16,0,1,1,1,1764183806,False,False,,23,0.30434782608695654
12,0b0ff5fc-08f3-11e7-a1cb-3863bb33a4e4,Metcalfe / de Maisonneuve (sud),6012,45.501375027330134,-73.5734578129086,"['KEY', 'CREDITCARD']",23,False,False,False,True,,6,0,0,17,0,1,1,1,1764183983,False,False,,23,0.2608695652173913
13,0b0ff798-08f3-11e7-a1cb-3863bb33a4e4,Sanguinet / de Maisonneuve,6013,45.51344071816516,-73.56261849403381,"['KEY', 'CREDITCARD']",31,False,False,False,True,,25,0,0,6,0,1,1,1,1764183927,False,False,,31,0.8064516129032258
14,0b0ff906-08f3-11e7-a1cb-3863bb33a4e4,St-Denis / Ste-Catherine,6014,45.51372291221464,-73.5603104531765,"['KEY', 'CREDITCARD']",43,False,False,False,True,,36,2,0,7,0,1,1,1,1764184017,False,False,,43,0.8372093023255814
15,0b0ffa68-08f3-11e7-a1cb-3863bb33a4e4,Métro Berri-UQAM (St-Denis / de Maisonneuve),6015,45.51425199763688,-73.56150217976847,"['KEY', 'CREDITCARD']",15,False,False,False,True,,12,1,0,3,0,1,1,1,1764183568,False,False,,15,0.8
17,0b0ffd3a-08f3-11e7-a1cb-3863bb33a4e4,Marché St-Jacques (Atateken),6017,45.520665992418884,-73.5639146839003,"['KEY', 'CREDITCARD']",27,False,False,False,True,,8,1,0,19,0,1,1,1,1764183575,False,False,,27,0.2962962962962963
18,0b0ffea2-08f3-11e7-a1cb-3863bb33a4e4,St-André / Ontario,6018,45.51889,-73.56353,"['KEY', 'CREDITCARD']",19,False,False,False,True,,2,0,1,16,0,1,1,1,1764182765,False,False,,18,0.1111111111111111
19,0b100002-08f3-11e7-a1cb-3863bb33a4e4,Métro Sherbrooke (de Rigaud / Berri),6019,45.51814312154928,-73.56800436973572,"['KEY', 'CREDITCARD']",27,False,False,False,True,,13,1,1,13,0,1,1,1,1764183033,False,False,,26,0.5
20,0b100167-08f3-11e7-a1cb-3863bb33a4e4,de l'Hôtel-de-Ville / Ontario,6020,45.51374520222444,-73.56666326522826,"['KEY', 'CREDITCARD']",27,False,False,False,True,,2,0,0,25,0,1,1,1,1764181355,False,False,,27,0.07407407407407407
21,0b1002d5-08f3-11e7-a1cb-3863bb33a4e4,St-André / de Maisonneuve,6902,45.5170859607847,-73.55974048376083,"['KEY', 'CREDITCARD']",19,False,False,False,True,,16,0,1,2,0,1,1,1,1764184073,False,False,,18,0.8888888888888888
22,0b100442-08f3-11e7-a1cb-3863bb33a4e4,de la Commune / des Soeurs-Grises,6023,45.49792864726048,-73.55273187160492,"['KEY', 'CREDITCARD']",67,False,False,False,True,,46,0,0,21,0,1,1,1,1764181421,False,False,,67,0.6865671641791045
23,0b1005a1-08f3-11e7-a1cb-3863bb33a4e4,St-Dominique / St-Viateur,6024,45.52649960463402,-73.59812762595539,"['KEY', 'CREDITCARD']",31,False,False,False,True,,18,0,1,12,0,1,1,1,1764183992,False,False,,30,0.6
24,0b1006f9-08f3-11e7-a1cb-3863bb33a4e4,Notre-Dame / St-Gabriel,6025,45.50711760282556,-73.55504930019379,"['KEY', 'CREDITCARD']",11,False,False,False,True,,6,1,1,4,0,1,1,1,1764183407,False,False,,10,0.6
25,0b100854-08f3-11e7-a1cb-3863bb33a4e4,de la Commune / Place Jacques-Cartier,6026,45.50761009451047,-73.55183601379395,"['KEY', 'CREDITCARD']",81,False,False,False,True,"[{'id': '1725ae45-208e-417e-ae18-f3fdc347ea3a', 'service_type': 'ATTENDED_SERVICE', 'bikes_availability': 'LIMITED', 'docks_availability': 'LIMITED', 'name': 'Drop-Off Station', 'description': '', 'schedule_description': 'Friday to Sunday 11AM to 7PM', 'link_for_more_info': 'https://bixi.com/en/drop-off-stations/'}]",40,0,1,40,0,1,1,1,1764182136,False,False,[{'id': '1725ae45-208e-417e-ae18-f3fdc347ea3a'}],80,0.5
26,0b1009b3-08f3-11e7-a1cb-3863bb33a4e4,de Maisonneuve / Mansfield (sud),6027,45.502053864057466,-73.57346534729004,"['KEY', 'CREDITCARD']",27,False,False,False,True,,25,4,0,2,0,1,1,1,1764181058,False,False,,27,0.9259259259259259
30,0b100f80-08f3-11e7-a1cb-3863bb33a4e4,St-Antoine / St-François-Xavier,6031,45.5045770667804,-73.55918392539024,"['KEY', 'CREDITCARD']",29,False,False,False,True,,17,0,0,12,0,1,1,1,1764181278,False,False,,29,0.5862068965517241
31,0b1010e4-08f3-11e7-a1cb-3863bb33a4e4,Métro Place-d'Armes (St-Urbain / Viger),6032,45.50632340391333,-73.5596989095211,"['KEY', 'CREDITCARD']",19,False,False,False,True,,5,0,0,14,0,1,1,1,1764181964,False,False,,19,0.2631578947368421
34,0b101537-08f3-11e7-a1cb-3863bb33a4e4,Viger / Chenneville,6035,45.50531166520915,-73.56089115142822,"['KEY', 'CREDITCARD']",37,False,False,False,True,,33,1,1,3,0,1,1,1,1764184021,False,False,,36,0.9166666666666666
35,0b101691-08f3-11e7-a1cb-3863bb33a4e4,de la Commune / St-Sulpice,6036,45.50424245563397,-73.553469479084,"['KEY', 'CREDITCARD']",47,False,False,False,True,,35,0,0,12,0,1,1,1,1764183210,False,False,,47,0.7446808510638298
37,0b101966-08f3-11e7-a1cb-3863bb33a4e4,du Mont-Royal / St-André,6038,45.5265325758126,-73.58052791410046,"['KEY', 'CREDITCARD']",11,False,False,False,True,,1,0,0,10,0,1,1,1,1764184077,False,False,,11,0.09090909090909091
38,0b101acc-08f3-11e7-a1cb-3863bb33a4e4,des Récollets / McGill,6039,45.500890568811926,-73.55904474863564,"['KEY', 'CREDITCARD']",23,False,False,False,True,,18,0,0,5,0,1,1,1,1764183134,False,False,,23,0.782608695652174
39,0b101c22-08f3-11e7-a1cb-3863bb33a4e4,Lambert-Closse / de Maisonneuve,6040,45.490925092206254,-73.5849962224529,"['KEY', 'CREDITCARD']",31,False,False,False,True,,12,0,0,19,0,1,1,1,1764183781,False,False,,31,0.3870967741935484
40,0b101d77-08f3-11e7-a1cb-3863bb33a4e4,Métro Square-Victoria-OACI (St-Jacques),6041,45.50115848792469,-73.56083080172539,"['KEY', 'CREDITCARD']",21,False,False,False,True,,14,0,0,7,0,1,1,1,1764182773,False,False,,21,0.6666666666666666
41,0b101ed0-08f3-11e7-a1cb-3863bb33a4e4,REM Gare Centrale (de la Gauchetière / Mansfield),6042,45.49982531155875,-73.5660799094876,"['KEY', 'CREDITCARD']",27,False,False,False,True,,1,0,0,26,0,1,1,1,1764182642,False,False,,27,0.037037037037037035
45,0b10246c-08f3-11e7-a1cb-3863bb33a4e4,Métro Bonaventure (de la Gauchetière / Mansfield),6046,45.49884749025835,-73.56685843325977,"['KEY', 'CREDITCARD']",31,False,False,False,True,,8,0,0,23,0,1,1,1,1764183988,False,False,,31,0.25806451612903225
46,0b1025c4-08f3-11e7-a1cb-3863bb33a4e4,Milton / Durocher,6204,45.508140959417744,-73.57492983341217,"['KEY', 'CREDITCARD']",27,False,False,False,True,,3,1,2,22,0,1,1,1,1764183982,False,False,,25,0.12
47,0b10272a-08f3-11e7-a1cb-3863bb33a4e4,Garnier / Beaubien,6048,45.54144823434163,-73.59839379787445,"['KEY', 'CREDITCARD']",15,False,False,False,True,,1,1,1,13,0,1,1,1,1764184006,False,False,,14,0.07142857142857142
48,0b102b66-08f3-11e7-a1cb-3863bb33a4e4,Queen / Wellington,6049,45.497568367677076,-73.55517907071771,"['KEY', 'CREDITCARD']",27,False,False,False,True,,25,0,0,2,0,1,1,1,1764180735,False,False,,27,0.9259259259259259
49,0b102c87-08f3-11e7-a1cb-3863bb33a4e4,Robert-Bourassa / St-Maurice,6050,45.49837045828952,-73.56055587530136,"['KEY', 'CREDITCARD']",23,False,False,False,True,,17,0,0,6,0,1,1,1,1764181629,False,False,,23,0.7391304347826086
51,0b102e96-08f3-11e7-a1cb-3863bb33a4e4,de la Commune / King,6052,45.497526957218476,-73.55267647189065,"['KEY', 'CREDITCARD']",79,False,False,False,True,,15,0,0,64,0,1,1,1,1764168439,False,False,,79,0.189873417721519
52,0b102fb4-08f3-11e7-a1cb-3863bb33a4e4,Métro Place-des-Arts (du Président-Kennedy / Jeanne-Mance),6053,45.508204615051355,-73.56881439685822,"['KEY', 'CREDITCARD']",27,False,False,False,True,,25,1,0,2,0,1,1,1,1764183982,False,False,,27,0.9259259259259259
55,0b10559b-08f3-11e7-a1cb-3863bb33a4e4,Place du Canada (Peel / des Canadiens-de-Montréal),6057,45.497795545133336,-73.56825113296509,"['KEY', 'CREDITCARD']",23,False,False,False,True,,9,0,0,14,0,1,1,1,1764183433,False,False,,23,0.391304347826087
56,0b1056fb-08f3-11e7-a1cb-3863bb33a4e4,Drummond / des-Canadiens-de-Montréal,6058,45.49676067752141,-73.57027635600843,"['KEY', 'CREDITCARD']",27,False,False,False,True,,10,0,2,15,0,1,1,1,1764183972,False,False,,25,0.4
59,0b105a5b-08f3-11e7-a1cb-3863bb33a4e4,Cathcart / McGill College,6061,45.501187681489775,-73.57045487814501,"['KEY', 'CREDITCARD']",27,False,False,False,True,,20,6,0,7,0,1,1,1,1764183926,False,False,,27,0.7407407407407407
60,0b105b66-08f3-11e7-a1cb-3863bb33a4e4,Metcalfe / Ste-Catherine,6062,45.500780617417114,-73.57231467962265,"['KEY', 'CREDITCARD']",19,False,False,False,True,,12,1,0,7,0,1,1,1,1764181353,False,False,,19,0.631578947368421
61,0b105c6d-08f3-11e7-a1cb-3863bb33a4e4,Stanley / René-Lévesque,6063,45.49793428742311,-73.5708126425743,"['KEY', 'CREDITCARD']",39,False,False,False,True,,21,0,0,18,0,1,1,1,1764181595,False,False,,39,0.5384615384615384
62,0b105d73-08f3-11e7-a1cb-3863bb33a4e4,Métro Peel (de Maisonneuve / Stanley),6064,45.50038,-73.57507,"['KEY', 'CREDITCARD']",49,False,False,False,True,,23,0,0,26,0,1,1,1,1764183502,False,False,,49,0.46938775510204084
63,0b105e8d-08f3-11e7-a1cb-3863bb33a4e4,de la Montagne / Sherbrooke,6065,45.49971843051624,-73.57890754938126,"['KEY', 'CREDITCARD']",19,False,False,False,True,,4,1,1,14,0,1,1,1,1764184057,False,False,,18,0.2222222222222222
67,0b1062ad-08f3-11e7-a1cb-3863bb33a4e4,University / Milton,6070,45.50653308104575,-73.57660090823629,"['KEY', 'CREDITCARD']",39,False,False,False,True,,26,0,2,11,0,1,1,1,1764183652,False,False,,37,0.7027027027027027
68,0b1063c4-08f3-11e7-a1cb-3863bb33a4e4,de Maisonneuve / Aylmer (ouest),6073,45.505173440423306,-73.5706517100334,"['KEY', 'CREDITCARD']",37,False,False,False,True,,24,0,2,11,0,1,1,1,1764181971,False,False,,35,0.6857142857142857
69,0b1064d3-08f3-11e7-a1cb-3863bb33a4e4,Ste-Catherine / St-Clément,6076,45.55671730558936,-73.53024959564209,"['KEY', 'CREDITCARD']",15,False,False,False,True,,10,0,0,5,0,1,1,1,1764180432,False,False,,15,0.6666666666666666
71,0b10680e-08f3-11e7-a1cb-3863bb33a4e4,St-Alexandre / Ste-Catherine,6078,45.50527354034462,-73.5674786567688,"['KEY', 'CREDITCARD']",27,False,False,False,True,,4,1,0,23,0,1,1,1,1764183787,False,False,,27,0.14814814814814814
72,0b106932-08f3-11e7-a1cb-3863bb33a4e4,Métro Vendôme (de Maisonneuve / Grey),6080,45.47461774061232,-73.60348708933088,"['KEY', 'CREDITCARD']",15,False,False,False,True,,4,2,2,9,0,1,1,1,1764183882,False,False,,13,0.3076923076923077
73,0b106b02-08f3-11e7-a1cb-3863bb33a4e4,Mackay / de Maisonneuve,6081,45.49663515504026,-73.57863664627075,"['KEY', 'CREDITCARD']",31,False,False,False,True,,3,0,0,28,0,1,1,1,1764183279,False,False,,31,0.0967741935483871
75,0b106d46-08f3-11e7-a1cb-3863bb33a4e4,Aylmer / Ste-Catherine,6083,45.50437634533078,-73.56901906885469,"['KEY', 'CREDITCARD']",35,False,False,False,True,,7,1,1,27,0,1,1,1,1764183929,False,False,,34,0.20588235294117646
76,0b106e5d-08f3-11e7-a1cb-3863bb33a4e4,Duke / Nazareth,6084,45.49572236030835,-73.55461344122887,"['KEY', 'CREDITCARD']",19,False,False,False,True,,11,0,0,8,0,1,1,1,1764182365,False,False,,19,0.5789473684210527
77,0b106f9a-08f3-11e7-a1cb-3863bb33a4e4,Peel / Notre-Dame,6085,45.49544692088696,-73.56329441070557,"['KEY', 'CREDITCARD']",43,False,False,False,True,,42,2,0,1,0,1,1,1,1764184078,False,False,,43,0.9767441860465116
78,0b1070e3-08f3-11e7-a1cb-3863bb33a4e4,Henri-Julien / du Carmel,6089,45.52795093787009,-73.59502326697111,"['KEY', 'CREDITCARD']",23,False,False,False,True,,1,0,1,21,0,1,1,1,1764183189,False,False,,22,0.045454545454545456
79,0b107204-08f3-11e7-a1cb-3863bb33a4e4,Métro Lucien-L'Allier (Lucien l'Allier / Argyle),6090,45.49487159597493,-73.57112377882004,"['KEY', 'CREDITCARD']",11,False,False,False,True,,4,0,2,5,0,1,1,1,1764181734,False,False,,9,0.4444444444444444
80,0b107323-08f3-11e7-a1cb-3863bb33a4e4,du Havre / Hochelaga,6091,45.53588389594566,-73.5579090714782,"['KEY', 'CREDITCARD']",19,False,False,False,True,,3,0,0,16,0,1,1,1,1764184090,False,False,,19,0.15789473684210525
81,0b107432-08f3-11e7-a1cb-3863bb33a4e4,Crescent / René-Lévesque,6092,45.49603187552495,-73.5734586417675,"['KEY', 'CREDITCARD']",31,False,False,False,True,,11,0,0,20,0,1,1,1,1764184014,False,False,,31,0.3548387096774194
82,0b10753d-08f3-11e7-a1cb-3863bb33a4e4,Métro Beaubien (de St-Vallier / Beaubien),6912,45.53478444274838,-73.60463261604308,"['KEY', 'CREDITCARD']",19,False,False,False,True,,1,0,3,15,0,1,1,1,1764183889,False,False,,16,0.0625
83,0b10765d-08f3-11e7-a1cb-3863bb33a4e4,Métro Atwater (Atwater / Ste-Catherine ),6194,45.48951455100737,-73.58452577876506,"['KEY', 'CREDITCARD']",31,False,False,False,True,,4,0,0,27,0,1,1,1,1764183807,False,False,,31,0.12903225806451613
84,0b107771-08f3-11e7-a1cb-3863bb33a4e4,Chomedey / de Maisonneuve,6095,45.491750449903954,-73.58394473791122,"['KEY', 'CREDITCARD']",27,False,False,False,True,,1,0,0,26,0,1,1,1,1764181641,False,False,,27,0.037037037037037035
86,0b107988-08f3-11e7-a1cb-3863bb33a4e4,Ste-Catherine / St-Marc,6097,45.492873336202756,-73.58028620481491,"['KEY', 'CREDITCARD']",27,False,False,False,True,,10,0,0,17,0,1,1,1,1764180706,False,False,,27,0.37037037037037035
87,0b1081d2-08f3-11e7-a1cb-3863bb33a4e4,Ste-Catherine / Bishop,6098,45.49658063218649,-73.5762146115303,"['KEY', 'CREDITCARD']",19,False,False,False,True,,2,1,1,16,0,1,1,1,1764183459,False,False,,18,0.1111111111111111
88,0b10834a-08f3-11e7-a1cb-3863bb33a4e4,Ste-Catherine / St-Laurent,6099,45.51001233950764,-73.56376379728317,"['KEY', 'CREDITCARD']",31,False,False,False,True,,15,0,0,16,0,1,1,1,1764183826,False,False,,31,0.4838709677419355
89,0b108464-08f3-11e7-a1cb-3863bb33a4e4,Mackay / Sherbrooke,6100,45.49758647633681,-73.58060002326965,"['KEY', 'CREDITCARD']",35,False,False,False,True,,0,0,0,35,0,1,1,1,1764183621,False,False,,35,0.0
92,0b1087c4-08f3-11e7-a1cb-3863bb33a4e4,de Rouen / Lespérance,6103,45.538859462962286,-73.5528177022934,"['KEY', 'CREDITCARD']",23,False,False,False,True,,14,0,0,9,0,1,1,1,1764183940,False,False,,23,0.6086956521739131
93,0b1088f0-08f3-11e7-a1cb-3863bb33a4e4,St-Timothée / René-Lévesque,6104,45.516109674794116,-73.5554605726793,"['KEY', 'CREDITCARD']",23,False,False,False,True,,1,0,0,22,0,1,1,1,1764180342,False,False,,23,0.043478260869565216
94,0b108a09-08f3-11e7-a1cb-3863bb33a4e4,Plessis / René-Lévesque,6105,45.51937504116866,-73.55190977454185,"['KEY', 'CREDITCARD']",19,False,False,False,True,,11,0,0,8,0,1,1,1,1764183190,False,False,,19,0.5789473684210527
95,0b108b24-08f3-11e7-a1cb-3863bb33a4e4,René-Lévesque / Papineau,6106,45.52097057660443,-73.5499919950962,"['KEY', 'CREDITCARD']",31,False,False,False,True,,26,0,1,4,0,1,1,1,1764183621,False,False,,30,0.8666666666666667
96,0b1091b6-08f3-11e7-a1cb-3863bb33a4e4,Ste-Catherine / St-Mathieu,6107,45.49384690142783,-73.57917845249176,"['KEY', 'CREDITCARD']",31,False,False,False,True,,4,0,0,27,0,1,1,1,1764184031,False,False,,31,0.12903225806451613
97,0b1093c6-08f3-11e7-a1cb-3863bb33a4e4,de Maisonneuve / Fullum,6108,45.52797141659334,-73.54948371648788,"['KEY', 'CREDITCARD']",17,False,False,False,True,,7,0,1,9,0,1,1,1,1764181602,False,False,,16,0.4375
99,0b10961a-08f3-11e7-a1cb-3863bb33a4e4,Frontenac / Ste-Catherine,6110,45.53006276144042,-73.54559183120728,"['KEY', 'CREDITCARD']",19,False,False,False,True,,3,0,0,16,0,1,1,1,1764183983,False,False,,19,0.15789473684210525
100,0b10972e-08f3-11e7-a1cb-3863bb33a4e4,Fullum / Ste-Catherine,6111,45.52708773696299,-73.54794227041566,"['KEY', 'CREDITCARD']",27,False,False,False,True,,2,0,0,25,0,1,1,1,1764182949,False,False,,27,0.07407407407407407
101,0b10983d-08f3-11e7-a1cb-3863bb33a4e4,Montcalm / de Maisonneuve,6112,45.519131967116216,-73.55788965214742,"['KEY', 'CREDITCARD']",15,False,False,False,True,,6,0,0,9,0,1,1,1,1764182952,False,False,,15,0.4
102,0b10994d-08f3-11e7-a1cb-3863bb33a4e4,Alexandre-DeSève / Ste-Catherine,6113,45.5211897037242,-73.55379804968834,"['KEY', 'CREDITCARD']",23,False,False,False,True,,17,0,0,6,0,1,1,1,1764183620,False,False,,23,0.7391304347826086
103,0b109fc4-08f3-11e7-a1cb-3863bb33a4e4,Métro Papineau (Dorion / De Maisonneuve),6114,45.5238445756922,-73.55236601831166,"['KEY', 'CREDITCARD']",32,False,False,False,True,,14,0,1,17,0,1,1,1,1764182218,False,False,,31,0.45161290322580644
104,0b10a104-08f3-11e7-a1cb-3863bb33a4e4,St-Nicolas / Place d'Youville,6115,45.501986944225784,-73.55516648853154,"['KEY', 'CREDITCARD']",27,False,False,False,True,,25,1,0,2,0,1,1,1,1764182323,False,False,,27,0.9259259259259259
106,0b10c45c-08f3-11e7-a1cb-3863bb33a4e4,de Maisonneuve / Aylmer (est),6117,45.50538591756765,-73.5704317688942,"['KEY', 'CREDITCARD']",21,False,False,False,True,,8,0,0,13,0,1,1,1,1764182839,False,False,,21,0.38095238095238093
107,0b10c672-08f3-11e7-a1cb-3863bb33a4e4,Square-Victoria (Viger / du Square-Victoria),6118,45.50208503935104,-73.56294138360681,"['KEY', 'CREDITCARD']",37,False,False,False,True,,18,0,0,19,0,1,1,1,1764183226,False,False,,37,0.4864864864864865
108,0b10c7b5-08f3-11e7-a1cb-3863bb33a4e4,Dorion / Ontario,6119,45.526991277453526,-73.55821162462234,"['KEY', 'CREDITCARD']",35,False,False,False,True,,0,0,1,34,0,1,1,1,1764183501,False,False,,34,0.0
109,0b10ce21-08f3-11e7-a1cb-3863bb33a4e4,Métro Frontenac (Ontario / du Havre),6120,45.533705987798946,-73.55217933654784,"['KEY', 'CREDITCARD']",23,False,False,False,True,,21,0,1,1,0,1,1,1,1764183598,False,False,,22,0.9545454545454546
110,0b10cf42-08f3-11e7-a1cb-3863bb33a4e4,Gascon / de Rouen,6121,45.5353519228624,-73.55539619966294,"['KEY', 'CREDITCARD']",23,False,False,False,True,,20,1,0,3,0,1,1,1,1764181492,False,False,,23,0.8695652173913043
111,0b10d04a-08f3-11e7-a1cb-3863bb33a4e4,de Maisonneuve / de Bleury,6122,45.50710068509571,-73.56907725334167,"['KEY', 'CREDITCARD']",36,False,False,False,True,,35,0,0,1,0,1,1,1,1764183460,False,False,,36,0.9722222222222222
112,0b10d150-08f3-11e7-a1cb-3863bb33a4e4,La Fontaine / Alexandre-DeSève,6123,45.52330366033427,-73.55799973011017,"['KEY', 'CREDITCARD']",19,False,False,False,True,,11,0,1,7,0,1,1,1,1764184028,False,False,,18,0.6111111111111112
113,0b10d266-08f3-11e7-a1cb-3863bb33a4e4,Ontario / Poupart,6124,45.53181652808492,-73.5536502600371,"['KEY', 'CREDITCARD']",19,False,False,False,True,,6,0,0,13,0,1,1,1,1764183038,False,False,,19,0.3157894736842105
115,0b10d842-08f3-11e7-a1cb-3863bb33a4e4,Métro Villa-Maria (de Monkland / Décarie),6126,45.4790046017838,-73.61956179141998,"['KEY', 'CREDITCARD']",25,False,False,False,True,,0,0,0,25,0,1,1,1,1764182517,False,False,,25,0.0
118,0b10dc80-08f3-11e7-a1cb-3863bb33a4e4,Parc Benny (Benny / de Monkland),6130,45.46691310542626,-73.6315867306621,"['KEY', 'CREDITCARD']",23,False,False,False,True,,1,0,0,22,0,1,1,1,1764182514,False,False,,23,0.043478260869565216
120,0b10e3e7-08f3-11e7-a1cb-3863bb33a4e4,Messier / Rachel,6133,45.53451813633701,-73.56532464451448,"['KEY', 'CREDITCARD']",27,False,False,False,True,,0,0,1,26,0,1,1,1,1764174226,False,False,,26,0.0
121,0b10e507-08f3-11e7-a1cb-3863bb33a4e4,de Bordeaux / Sherbrooke,6129,45.529817997585944,-73.56293704368,"['KEY', 'CREDITCARD']",19,False,False,False,True,,2,1,0,17,0,1,1,1,1764181641,False,False,,19,0.10526315789473684
122,0b10e60a-08f3-11e7-a1cb-3863bb33a4e4,Jeanne-Mance / Sherbrooke,6202,45.50934693918775,-73.57122302055359,"['KEY', 'CREDITCARD']",21,False,False,False,True,,6,0,1,14,0,1,1,1,1764182356,False,False,,20,0.3
123,0b10fc41-08f3-11e7-a1cb-3863bb33a4e4,University / Prince Arthur,6047,45.5075118991584,-73.57877546523923,"['KEY', 'CREDITCARD']",47,False,False,False,True,,29,3,2,16,0,1,1,1,1764183677,False,False,,45,0.6444444444444445
126,0b1108eb-08f3-11e7-a1cb-3863bb33a4e4,Atwater / Sherbrooke,6093,45.4912258547597,-73.58763009309769,"['KEY', 'CREDITCARD']",23,False,False,False,True,,3,2,0,20,0,1,1,1,1764182944,False,False,,23,0.13043478260869565
131,0b111c93-08f3-11e7-a1cb-3863bb33a4e4,Métro Fabre (Fabre / Jean-Talon),6923,45.546634811657086,-73.60776543617249,"['KEY', 'CREDITCARD']",11,False,False,False,True,,0,0,0,11,0,1,1,1,1764182983,False,False,,11,0.0
133,0b111f7c-08f3-11e7-a1cb-3863bb33a4e4,Drummond / Sherbrooke,6072,45.500535752214155,-73.578113079202,"['KEY', 'CREDITCARD']",23,False,False,False,True,,1,1,0,22,0,1,1,1,1764182147,False,False,,23,0.043478260869565216
136,0b112dc7-08f3-11e7-a1cb-3863bb33a4e4,Parthenais / Larivière,6132,45.53025954525953,-73.55784621096973,"['KEY', 'CREDITCARD']",31,False,False,False,True,,10,0,0,21,0,1,1,1,1764183982,False,False,,31,0.3225806451612903
138,0b11347f-08f3-11e7-a1cb-3863bb33a4e4,Calixa-Lavallée / Rachel (ouest),6137,45.52782894394495,-73.5719577784721,"['KEY', 'CREDITCARD']",37,False,False,False,True,,1,0,1,35,0,1,1,1,1764183513,False,False,,36,0.027777777777777776
141,0b1142a8-08f3-11e7-a1cb-3863bb33a4e4,Émile-Duployé / Rachel,6140,45.52970707609694,-73.56998120721983,"['KEY', 'CREDITCARD']",25,False,False,False,True,,12,0,0,13,0,1,1,1,1764183946,False,False,,25,0.48
142,0b1147d6-08f3-11e7-a1cb-3863bb33a4e4,des Érables / Rachel,6141,45.533268294539454,-73.56660163302877,"['KEY', 'CREDITCARD']",19,False,False,False,True,,3,0,0,16,0,1,1,1,1764184048,False,False,,19,0.15789473684210525
148,0b116ed6-08f3-11e7-a1cb-3863bb33a4e4,Émile-Duployé / Sherbrooke,6148,45.52719536319051,-73.5645255446434,"['KEY', 'CREDITCARD']",27,False,False,False,True,,0,0,0,27,0,1,1,1,1764183416,False,False,,27,0.0
151,0b11945c-08f3-11e7-a1cb-3863bb33a4e4,Parthenais / du Mont-Royal,6151,45.53640396516409,-73.57141345739365,"['KEY', 'CREDITCARD']",23,False,False,False,True,,0,0,0,23,0,0,1,1,1762791442,False,False,,23,0.0
155,0b119a5f-08f3-11e7-a1cb-3863bb33a4e4,Parc St-Roch (Ball / Durocher),6155,45.531988684096795,-73.63144129514694,"['KEY', 'CREDITCARD']",15,False,False,False,True,,0,0,0,15,0,1,1,1,1764179278,False,False,,15,0.0
157,0b119e07-08f3-11e7-a1cb-3863bb33a4e4,de Brébeuf / du Mont-Royal,6157,45.52927546284818,-73.57793927192688,"['KEY', 'CREDITCARD']",23,False,False,False,True,,5,0,0,18,0,1,1,1,1764183942,False,False,,23,0.21739130434782608
159,0b11a121-08f3-11e7-a1cb-3863bb33a4e4,20e avenue / de Bellechasse,6159,45.55992951142522,-73.5767751932144,"['KEY', 'CREDITCARD']",19,False,False,False,True,,2,1,0,17,0,1,1,1,1764183715,False,False,,19,0.10526315789473684
161,0b11a4af-08f3-11e7-a1cb-3863bb33a4e4,Marquette / du Mont-Royal (sud),6161,45.53207722797955,-73.57514306902884,"['KEY', 'CREDITCARD']",23,False,False,False,True,,0,0,0,23,0,1,1,1,1764183972,False,False,,23,0.0
165,0b11aa95-08f3-11e7-a1cb-3863bb33a4e4,Laurier / de Brébeuf,6165,45.5325884011355,-73.58466408217282,"['KEY', 'CREDITCARD']",31,False,False,False,True,,1,0,0,30,0,1,1,1,1764183012,False,False,,31,0.03225806451612903
166,0b11ac01-08f3-11e7-a1cb-3863bb33a4e4,St-Grégoire / Christophe-Colomb,6166,45.53255611409675,-73.58993947505951,"['KEY', 'CREDITCARD']",39,False,False,False,True,,2,0,1,36,0,1,1,1,1764183704,False,False,,38,0.05263157894736842
169,0b11b06e-08f3-11e7-a1cb-3863bb33a4e4,Boyer / du Mont-Royal,6169,45.527432126380575,-73.57991673052311,"['KEY', 'CREDITCARD']",23,False,False,False,True,,0,0,1,22,0,1,1,1,1764183963,False,False,,22,0.0
171,0b11b34d-08f3-11e7-a1cb-3863bb33a4e4,Paré / Mountain Sights,6171,45.49808281150267,-73.6530089378357,"['KEY', 'CREDITCARD']",13,False,False,False,True,,12,2,0,1,0,1,1,1,1764180719,False,False,,13,0.9230769230769231
173,0b11b660-08f3-11e7-a1cb-3863bb33a4e4,Berri / Cherrier,6173,45.519266156911335,-73.5692971944809,"['KEY', 'CREDITCARD']",39,False,False,False,True,,7,1,0,32,0,1,1,1,1764182662,False,False,,39,0.1794871794871795
176,0b11bac8-08f3-11e7-a1cb-3863bb33a4e4,du Parc-La Fontaine / Rachel,6176,45.52551168509886,-73.57424452900887,"['KEY', 'CREDITCARD']",15,False,False,False,True,,3,1,1,11,0,1,1,1,1764183961,False,False,,14,0.21428571428571427
179,0b11bf22-08f3-11e7-a1cb-3863bb33a4e4,Duluth / St-Denis,6179,45.52062760607925,-73.57594907283782,"['KEY', 'CREDITCARD']",15,False,False,False,True,,1,0,2,12,0,1,1,1,1764183881,False,False,,13,0.07692307692307693
180,0b11c18a-08f3-11e7-a1cb-3863bb33a4e4,McGill / Wellington,6180,45.49945196134134,-73.55490782832021,"['KEY', 'CREDITCARD']",30,False,False,False,True,,25,0,0,5,0,1,1,1,1764182940,False,False,,30,0.8333333333333334
187,0b11cbe1-08f3-11e7-a1cb-3863bb33a4e4,McGill / Place d'Youville,6187,45.500014581102505,-73.55625258141116,"['KEY', 'CREDITCARD']",29,False,False,False,True,,13,0,0,16,0,1,1,1,1764182006,False,False,,29,0.4482758620689655
192,0b11d31d-08f3-11e7-a1cb-3863bb33a4e4,Waverly / Bernard,6192,45.52562443297396,-73.60413372516632,"['KEY', 'CREDITCARD']",31,False,False,False,True,,1,1,0,30,0,1,1,1,1764182620,False,False,,31,0.03225806451612903
193,0b11d48b-08f3-11e7-a1cb-3863bb33a4e4,de l'Esplanade / Fairmount,6193,45.521546574453595,-73.59697759151459,"['KEY', 'CREDITCARD']",15,False,False,False,True,,1,0,1,13,0,1,1,1,1764183979,False,False,,14,0.07142857142857142
194,0b11d60b-08f3-11e7-a1cb-3863bb33a4e4,Maguire / de Gaspé,6094,45.526110205402006,-73.59430432330555,"['KEY', 'CREDITCARD']",19,False,False,False,True,,1,0,0,18,0,1,1,1,1764183443,False,False,,19,0.05263157894736842
198,0b11dbd1-08f3-11e7-a1cb-3863bb33a4e4,Hélène-Baillargeon / St-Denis,6198,45.52973581777825,-73.59512954950333,"['KEY', 'CREDITCARD']",23,False,False,False,True,,0,0,0,23,0,1,1,1,1764178558,False,False,,23,0.0
199,0b11dd51-08f3-11e7-a1cb-3863bb33a4e4,Clark / St-Viateur,6199,45.5251943015533,-73.59935637563467,"['KEY', 'CREDITCARD']",15,False,False,False,True,,0,0,0,15,0,1,1,1,1764181869,False,False,,15,0.0
200,0b11dec0-08f3-11e7-a1cb-3863bb33a4e4,Maguire / St-Laurent,6200,45.524628485592636,-73.5958108305931,"['KEY', 'CREDITCARD']",26,False,False,False,True,,0,0,0,26,0,1,1,1,1764178516,False,False,,26,0.0
206,0b120816-08f3-11e7-a1cb-3863bb33a4e4,Boyer / Jean-Talon,6208,45.541374968866094,-73.61213207244873,"['KEY', 'CREDITCARD']",15,False,False,False,True,,0,0,0,15,0,1,1,1,1764183668,False,False,,15,0.0
207,0b12092a-08f3-11e7-a1cb-3863bb33a4e4,Milton / St-Laurent,6209,45.512916325090295,-73.57055649161339,"['KEY', 'CREDITCARD']",21,False,False,False,True,,14,1,2,5,0,1,1,1,1764182135,False,False,,19,0.7368421052631579
208,0b120a4a-08f3-11e7-a1cb-3863bb33a4e4,Métro Sauvé (Berri / Sauvé),6210,45.550692068419764,-73.65636706352234,"['KEY', 'CREDITCARD']",21,False,False,False,True,,5,0,2,14,0,1,1,1,1764183600,False,False,,19,0.2631578947368421
209,0b120b73-08f3-11e7-a1cb-3863bb33a4e4,des Pins / St-Laurent,6211,45.51522812881499,-73.5750961303711,"['KEY', 'CREDITCARD']",23,False,False,False,True,,0,0,1,22,0,1,1,1,1764183812,False,False,,22,0.0
210,0b120c8a-08f3-11e7-a1cb-3863bb33a4e4,Duluth / de l'Esplanade,6212,45.515132275425785,-73.58105599880219,"['KEY', 'CREDITCARD']",27,False,False,False,True,,1,0,0,26,0,1,1,1,1764183432,False,False,,27,0.037037037037037035
212,0b120eaa-08f3-11e7-a1cb-3863bb33a4e4,du Square Saint-Louis / Laval,6214,45.51608652423074,-73.570156325477,"['KEY', 'CREDITCARD']",27,False,False,False,True,,7,0,0,20,0,1,1,1,1764183952,False,False,,27,0.25925925925925924
213,0b120fbf-08f3-11e7-a1cb-3863bb33a4e4,Mackay / Ste-Catherine,6215,45.49611695078377,-73.57753801352374,"['KEY', 'CREDITCARD']",23,False,False,False,True,,1,0,0,22,0,1,1,1,1764184025,False,False,,23,0.043478260869565216
214,0b1210e1-08f3-11e7-a1cb-3863bb33a4e4,Parc Jeanne-Mance (monument sir George-Étienne-Cartier),6216,45.51487490356938,-73.58486406505108,"['KEY', 'CREDITCARD']",47,False,False,False,True,,0,0,1,46,0,1,1,1,1764180853,False,False,,46,0.0
217,0b12141b-08f3-11e7-a1cb-3863bb33a4e4,Rachel / de Brébeuf,6220,45.526911494644025,-73.5727014299664,"['KEY', 'CREDITCARD']",29,False,False,False,True,,0,0,0,29,0,1,1,1,1764176607,False,False,,29,0.0
218,0b121524-08f3-11e7-a1cb-3863bb33a4e4,du Mont-Royal / Clark,6221,45.51941,-73.58685,"['KEY', 'CREDITCARD']",39,False,False,False,True,,4,2,3,32,0,1,1,1,1764184025,False,False,,36,0.1111111111111111
219,0b12164d-08f3-11e7-a1cb-3863bb33a4e4,Viger / St-Alexandre,6222,45.50277718129152,-73.56257831950643,"['KEY', 'CREDITCARD']",27,False,False,False,True,,15,2,2,10,0,1,1,1,1764183147,False,False,,25,0.6
223,0b121aa3-08f3-11e7-a1cb-3863bb33a4e4,Hôpital Maisonneuve-Rosemont (Rosemont / Chatelain),6226,45.57556589690592,-73.56098317064607,"['KEY', 'CREDITCARD']",35,False,False,False,True,,5,0,0,30,0,1,1,1,1764182007,False,False,,35,0.14285714285714285
226,0b121dff-08f3-11e7-a1cb-3863bb33a4e4,Waverly / St-Viateur,6230,45.52392772648164,-73.60018442851468,"['KEY', 'CREDITCARD']",31,False,False,False,True,,2,0,2,27,0,1,1,1,1764183387,False,False,,29,0.06896551724137931
228,0b122017-08f3-11e7-a1cb-3863bb33a4e4,Clark / de l'Arcade,6234,45.527371996141,-73.60398352146149,"['KEY', 'CREDITCARD']",18,False,False,False,True,,0,0,2,16,0,1,1,1,1764183954,False,False,,16,0.0
255,0b128037-08f3-11e7-a1cb-3863bb33a4e4,Durocher / Sherbrooke,6259,45.507088290505685,-73.57227981090546,"['KEY', 'CREDITCARD']",23,False,False,False,True,,3,1,0,20,0,1,1,1,1764184055,False,False,,23,0.13043478260869565
258,0b12a710-08f3-11e7-a1cb-3863bb33a4e4,Christophe-Colomb / Beaubien,6262,45.53783932655299,-73.60115647315979,"['KEY', 'CREDITCARD']",19,False,False,False,True,,0,0,0,19,0,1,1,1,1764183802,False,False,,19,0.0
264,0b12b4d7-08f3-11e7-a1cb-3863bb33a4e4,de Normanville / Beaubien,6268,45.53939319024553,-73.60060073439854,"['KEY', 'CREDITCARD']",19,False,False,False,True,,2,0,0,17,0,1,1,1,1764183514,False,False,,19,0.10526315789473684
265,0b12ba05-08f3-11e7-a1cb-3863bb33a4e4,Wurtele / de Rouen,6269,45.53771353476117,-73.5537323941753,"['KEY', 'CREDITCARD']",15,False,False,False,True,,11,0,0,4,0,1,1,1,1764182438,False,False,,15,0.7333333333333333
268,0b12bd4f-08f3-11e7-a1cb-3863bb33a4e4,6e Avenue / Bélanger,6272,45.554582815249745,-73.59631910920143,"['KEY', 'CREDITCARD']",19,False,False,False,True,,1,0,0,18,0,1,1,1,1764180896,False,False,,19,0.05263157894736842
271,0b12ddaa-08f3-11e7-a1cb-3863bb33a4e4,Parc de Turin (de Lanaudière / Jean-Talon),6275,45.545350334193245,-73.61032962799072,"['KEY', 'CREDITCARD']",19,False,False,False,True,,0,0,1,18,0,1,1,1,1764172436,False,False,,18,0.0
275,0b12ea9e-08f3-11e7-a1cb-3863bb33a4e4,St-Henri / St-Maurice,6904,45.49980867018228,-73.55891436338425,"['KEY', 'CREDITCARD']",27,False,False,False,True,,12,1,0,15,0,1,1,1,1764182037,False,False,,27,0.4444444444444444
283,0b130533-08f3-11e7-a1cb-3863bb33a4e4,St-Mathieu / Lincoln,6928,45.49498578930944,-73.58126726008777,"['KEY', 'CREDITCARD']",31,False,False,False,True,,13,1,0,18,0,1,1,1,1764183382,False,False,,31,0.41935483870967744
284,0b130cda-08f3-11e7-a1cb-3863bb33a4e4,de l'Esplanade / Bernard,6228,45.525135263474645,-73.60465995037885,"['KEY', 'CREDITCARD']",27,False,False,False,True,,0,0,0,27,0,1,1,1,1764180851,False,False,,27,0.0
285,0b130e78-08f3-11e7-a1cb-3863bb33a4e4,Hutchison / Van Horne,6232,45.52496238180383,-73.61054605806203,"['KEY', 'CREDITCARD']",23,False,False,False,True,,0,0,0,23,0,1,1,1,1764182480,False,False,,23,0.0
286,0b1313e0-08f3-11e7-a1cb-3863bb33a4e4,Bernard / Jeanne-Mance,6233,45.52429587282263,-73.60491156578064,"['KEY', 'CREDITCARD']",23,False,False,False,True,,0,0,0,23,0,1,1,1,1764177728,False,False,,23,0.0
287,0b131556-08f3-11e7-a1cb-3863bb33a4e4,Parc Henri-Julien (Legendre / Henri-Julien),6917,45.546128338386644,-73.64650368695946,"['KEY', 'CREDITCARD']",19,False,False,False,True,,4,1,11,4,0,1,1,1,1764184091,False,False,,8,0.5
288,0b131aab-08f3-11e7-a1cb-3863bb33a4e4,Bibliothèque et Complexe aquatique Rosemont (8e avenue / Rosemont),6919,45.551574858642525,-73.58225226402283,"['KEY', 'CREDITCARD']",19,False,False,False,True,,0,0,2,17,0,1,1,1,1764181716,False,False,,17,0.0
290,0b1327e4-08f3-11e7-a1cb-3863bb33a4e4,du Séminaire / de la Montagne,6086,45.4921078892434,-73.56246292591095,"['KEY', 'CREDITCARD']",35,False,False,False,True,,6,0,0,29,0,1,1,1,1764181361,False,False,,35,0.17142857142857143
291,0b132d5a-08f3-11e7-a1cb-3863bb33a4e4,de la Montagne / Notre-Dame,6087,45.492913379064625,-73.5646878182888,"['KEY', 'CREDITCARD']",23,False,False,False,True,,10,0,0,12,1,1,1,1,1764184021,False,False,,22,0.45454545454545453
301,0b13760f-08f3-11e7-a1cb-3863bb33a4e4,Notre-Dame / St-Martin,6401,45.48830194643546,-73.56871783733366,"['KEY', 'CREDITCARD']",19,False,False,False,True,,11,0,1,7,0,1,1,1,1764183671,False,False,,18,0.6111111111111112
304,0b137a21-08f3-11e7-a1cb-3863bb33a4e4,St-Jacques / Vinet,6404,45.485328993998365,-73.57692271471024,"['KEY', 'CREDITCARD']",15,False,False,False,True,,7,0,0,8,0,1,1,1,1764182329,False,False,,15,0.4666666666666667
305,0b137b3e-08f3-11e7-a1cb-3863bb33a4e4,St-Antoine / de la Montagne,6405,45.49552402605236,-73.56838613759464,"['KEY', 'CREDITCARD']",19,False,False,False,True,,8,0,0,11,0,1,1,1,1764184039,False,False,,19,0.42105263157894735
306,0b137c76-08f3-11e7-a1cb-3863bb33a4e4,Marché Atwater,6406,45.48020822800015,-73.57759863138199,"['KEY', 'CREDITCARD']",32,False,False,False,True,,31,0,1,0,0,1,1,1,1764181065,False,False,,31,1.0
307,0b137d98-08f3-11e7-a1cb-3863bb33a4e4,Workman / Vinet,6407,45.483788863965174,-73.5750612616539,"['KEY', 'CREDITCARD']",23,False,False,False,True,,2,0,0,21,0,1,1,1,1764181070,False,False,,23,0.08695652173913043
309,0b138096-08f3-11e7-a1cb-3863bb33a4e4,de l'Hôtel-de-Ville / Rachel,6307,45.51989655507833,-73.58010649681091,"['KEY', 'CREDITCARD']",14,False,False,False,True,,1,0,2,11,0,1,1,1,1764183099,False,False,,12,0.08333333333333333
312,0b138723-08f3-11e7-a1cb-3863bb33a4e4,de Darlington / Van Horne,6310,45.50802125812845,-73.62575437880878,"['KEY', 'CREDITCARD']",23,False,False,False,True,,2,0,0,21,0,1,1,1,1764180033,False,False,,23,0.08695652173913043
314,0b138a2d-08f3-11e7-a1cb-3863bb33a4e4,Goyer / Côte-des-Neiges,6312,45.50322673702521,-73.6364937480721,"['KEY', 'CREDITCARD']",19,False,False,False,True,,16,0,2,1,0,1,1,1,1764183877,False,False,,17,0.9411764705882353
318,0b139069-08f3-11e7-a1cb-3863bb33a4e4,Parc Rosemary-Brown (McLynn / Plamondon),6316,45.489762999003595,-73.64815503369755,"['KEY', 'CREDITCARD']",19,False,False,False,True,,8,1,0,11,0,1,1,1,1764183582,False,False,,19,0.42105263157894735
322,0b139684-08f3-11e7-a1cb-3863bb33a4e4,Métro Joliette  (Hochelaga / Joliette),6387,45.54699194653282,-73.55115339159964,"['KEY', 'CREDITCARD']",29,False,False,False,True,,0,0,0,28,1,0,1,1,1761660872,False,False,,28,0.0
325,0b139b11-08f3-11e7-a1cb-3863bb33a4e4,Aylwin / Ontario,6391,45.544290485374304,-73.54523241519928,"['KEY', 'CREDITCARD']",27,False,False,False,True,,5,0,0,22,0,1,1,1,1764183866,False,False,,27,0.18518518518518517
330,0b13a2b3-08f3-11e7-a1cb-3863bb33a4e4,Marché Maisonneuve (Ontario / Morgan),6397,45.55320739706075,-73.53961640599664,"['KEY', 'CREDITCARD']",22,False,False,False,True,,16,0,1,5,0,1,1,1,1764184008,False,False,,21,0.7619047619047619
342,0b13b4f3-08f3-11e7-a1cb-3863bb33a4e4,Parc Villeray (Jarry / Christophe-Colomb),6338,45.548513207676116,-73.62365484237671,"['KEY', 'CREDITCARD']",15,False,False,False,True,,6,2,1,8,0,1,1,1,1764184016,False,False,,14,0.42857142857142855
345,0b13df6a-08f3-11e7-a1cb-3863bb33a4e4,Regina / de Verdun,6341,45.46734390596128,-73.57078850269318,"['KEY', 'CREDITCARD']",19,False,False,False,True,,1,1,0,18,0,1,1,1,1764183125,False,False,,19,0.05263157894736842
346,0b13e0f4-08f3-11e7-a1cb-3863bb33a4e4,Métro Fabre (Papineau / Jean-Talon),6343,45.54776185680092,-73.60690712928772,"['KEY', 'CREDITCARD']",23,False,False,False,True,,2,1,2,19,0,1,1,1,1764182408,False,False,,21,0.09523809523809523
347,0b13e231-08f3-11e7-a1cb-3863bb33a4e4,Métro Mont-Royal (Place Gérald-Godin),6345,45.52442024398858,-73.58166269028516,"['KEY', 'CREDITCARD']",23,False,False,False,True,,3,0,0,20,0,1,1,1,1764183818,False,False,,23,0.13043478260869565
355,0b13eb2d-08f3-11e7-a1cb-3863bb33a4e4,Tupper / du Fort,6322,45.49143153590894,-73.58038872498582,"['KEY', 'CREDITCARD']",23,False,False,False,True,,2,0,0,21,0,1,1,1,1764183990,False,False,,23,0.08695652173913043
360,0b13f0dd-08f3-11e7-a1cb-3863bb33a4e4,de Monkland / Girouard,6356,45.47704497124396,-73.62142682119156,"['KEY', 'CREDITCARD']",23,False,False,False,True,,0,0,1,22,0,1,1,1,1764184052,False,False,,22,0.0
362,0b13f308-08f3-11e7-a1cb-3863bb33a4e4,1ere avenue / St-Zotique,6358,45.55187986673951,-73.59359055775712,"['KEY', 'CREDITCARD']",19,False,False,False,True,,1,0,0,18,0,1,1,1,1764178846,False,False,,19,0.05263157894736842
363,0b13f435-08f3-11e7-a1cb-3863bb33a4e4,St-Laurent / Pl. du Marché,6359,45.50928960913111,-73.56241598725319,"['KEY', 'CREDITCARD']",27,False,False,False,True,,6,0,0,21,0,1,1,1,1764183022,False,False,,27,0.2222222222222222
364,0b13f555-08f3-11e7-a1cb-3863bb33a4e4,Beaubien / 8e avenue,6360,45.55331997202561,-73.58763143420218,"['KEY', 'CREDITCARD']",16,False,False,False,True,,0,0,4,12,0,1,1,1,1764181814,False,False,,12,0.0
372,0b13fe3c-08f3-11e7-a1cb-3863bb33a4e4,9e avenue / Masson,6368,45.54948994879926,-73.57327222824097,"['KEY', 'CREDITCARD']",15,False,False,False,True,,0,0,1,14,0,1,1,1,1764182702,False,False,,14,0.0
373,0b13ff69-08f3-11e7-a1cb-3863bb33a4e4,U. Concordia - Campus Loyola (Sherbrooke / West Broadway),6369,45.45750908083069,-73.6394852399826,"['KEY', 'CREDITCARD']",27,False,False,False,True,,16,0,1,10,0,1,1,1,1764182912,False,False,,26,0.6153846153846154
378,0b1404ef-08f3-11e7-a1cb-3863bb33a4e4,15e avenue / Laurier,6374,45.55331992800521,-73.56932803988457,"['KEY', 'CREDITCARD']",24,False,False,False,True,,0,0,0,24,0,1,1,1,1764180002,False,False,,24,0.0
379,0b14060a-08f3-11e7-a1cb-3863bb33a4e4,St-Rémi / Ste-Émilie,6375,45.46976497412213,-73.58923405408859,"['KEY', 'CREDITCARD']",27,False,False,False,True,,15,2,0,12,0,1,1,1,1764174406,False,False,,27,0.5555555555555556
381,0b140857-08f3-11e7-a1cb-3863bb33a4e4,Ottawa / du Séminaire,6377,45.4912954250061,-73.56159925460815,"['KEY', 'CREDITCARD']",23,False,False,False,True,,15,0,0,8,0,1,1,1,1764183286,False,False,,23,0.6521739130434783
383,0b140aa8-08f3-11e7-a1cb-3863bb33a4e4,Lanouette / de l'Église,6379,45.46337393327436,-73.57683420181274,"['KEY', 'CREDITCARD']",15,False,False,False,True,,5,0,1,9,0,1,1,1,1764182328,False,False,,14,0.35714285714285715
385,0b141134-08f3-11e7-a1cb-3863bb33a4e4,Omer-Lavallée / du Midway,6381,45.5457759528664,-73.56217458844185,"['KEY', 'CREDITCARD']",18,False,False,False,True,,2,0,1,15,0,1,1,1,1764182728,False,False,,17,0.11764705882352941
388,0b141591-08f3-11e7-a1cb-3863bb33a4e4,Métro Pie-IX (Pierre-de-Coubertin / Desjardins),6396,45.554373399819674,-73.55137467384337,"['KEY', 'CREDITCARD']",49,False,False,False,True,,23,2,1,25,0,1,1,1,1764183469,False,False,,48,0.4791666666666667
389,0b1416bd-08f3-11e7-a1cb-3863bb33a4e4,Elmwood / Mc Dougall,6301,45.51778642010814,-73.60364019870758,"['KEY', 'CREDITCARD']",15,False,False,False,True,,1,0,0,14,0,1,1,1,1764183215,False,False,,15,0.06666666666666667
390,0b1417e4-08f3-11e7-a1cb-3863bb33a4e4,Parc Hilda-Ramacière (de Bullion / Prince-Arthur),6302,45.51562131982338,-73.57212960720062,"['KEY', 'CREDITCARD']",27,False,False,False,True,,4,0,1,22,0,1,1,1,1764184051,False,False,,26,0.15384615384615385
391,0b141901-08f3-11e7-a1cb-3863bb33a4e4,Parc Pratt (Dunlop / Van Horne),6303,45.514918954061876,-73.61968517303467,"['KEY', 'CREDITCARD']",15,False,False,False,True,,1,0,1,13,0,1,1,1,1764178803,False,False,,14,0.07142857142857142
393,0b141b49-08f3-11e7-a1cb-3863bb33a4e4,de la Côte-Ste-Catherine / Davaar,6305,45.51416245548193,-73.61105918884276,"['KEY', 'CREDITCARD']",11,False,False,False,True,,0,0,1,10,0,1,1,1,1764119830,False,False,,10,0.0
399,0b14284e-08f3-11e7-a1cb-3863bb33a4e4,des Érables / Laurier,6409,45.538514913607656,-73.57769921422005,"['KEY', 'CREDITCARD']",19,False,False,False,True,,2,1,2,15,0,1,1,1,1764183996,False,False,,17,0.11764705882352941
401,0b14514d-08f3-11e7-a1cb-3863bb33a4e4,de l'Hôtel-de-Ville / Sherbrooke,6021,45.514524730294404,-73.56835573911665,"['KEY', 'CREDITCARD']",27,False,False,False,True,,1,0,0,26,0,1,1,1,1764182507,False,False,,27,0.037037037037037035
403,0b1453ac-08f3-11e7-a1cb-3863bb33a4e4,Campus MIL (Outremont / Thérèse-Lavoie Roux),6066,45.522875199531676,-73.61794576048851,"['KEY', 'CREDITCARD']",31,False,False,False,True,,4,0,1,26,0,1,1,1,1764181894,False,False,,30,0.13333333333333333
404,0b1454e7-08f3-11e7-a1cb-3863bb33a4e4,Prince-Arthur / St-Urbain,6218,45.512522576774245,-73.57380688201374,"['KEY', 'CREDITCARD']",23,False,False,False,True,,6,2,0,17,0,1,1,1,1764183997,False,False,,23,0.2608695652173913
408,0b145fee-08f3-11e7-a1cb-3863bb33a4e4,Métro Parc  (Hutchison / Ogilvy),6503,45.53035130173597,-73.6243924498558,"['KEY', 'CREDITCARD']",33,False,False,False,True,,12,3,2,19,0,1,1,1,1764181993,False,False,,31,0.3870967741935484
413,0b1465ad-08f3-11e7-a1cb-3863bb33a4e4,Wilson / Sherbrooke,6415,45.4703791154553,-73.61663818359374,"['KEY', 'CREDITCARD']",23,False,False,False,True,,0,0,0,23,0,1,1,1,1764183073,False,False,,23,0.0
421,0b14793c-08f3-11e7-a1cb-3863bb33a4e4,REM McGill (de Maisonneuve / Mansfield),6423,45.50229349416256,-73.5733064264059,"['KEY', 'CREDITCARD']",23,False,False,False,True,,16,1,1,6,0,1,1,1,1764183977,False,False,,22,0.7272727272727273
424,0b147c90-08f3-11e7-a1cb-3863bb33a4e4,Métro Crémazie (Crémazie / Lajeunesse),6410,45.54640752148169,-73.63842844963074,"['KEY', 'CREDITCARD']",15,False,False,False,True,,3,1,3,9,0,1,1,1,1764183573,False,False,,12,0.25
426,0b1482b7-08f3-11e7-a1cb-3863bb33a4e4,Ste-Catherine / Union,6413,45.50370387789841,-73.56941521167755,"['KEY', 'CREDITCARD']",37,False,False,False,True,,3,0,0,34,0,1,1,1,1764183734,False,False,,37,0.08108108108108109
427,0b1483e2-08f3-11e7-a1cb-3863bb33a4e4,Parc St-Henri (Laporte / Guay),6414,45.4801160762769,-73.58560770750046,"['KEY', 'CREDITCARD']",15,False,False,False,True,,8,0,1,6,0,1,1,1,1764181455,False,False,,14,0.5714285714285714
428,0b1485d4-08f3-11e7-a1cb-3863bb33a4e4,Métro de l'Église (Ross / de l'Église),6425,45.4628312022419,-73.56593772768973,"['KEY', 'CREDITCARD']",19,False,False,False,True,,5,0,0,14,0,1,1,1,1764183140,False,False,,19,0.2631578947368421
431,0b149ec4-08f3-11e7-a1cb-3863bb33a4e4,Place du Commerce,6429,45.46714,-73.54259,"['KEY', 'CREDITCARD']",33,False,False,False,True,,15,1,1,17,0,1,1,1,1764174990,False,False,,32,0.46875
432,0b14a0b5-08f3-11e7-a1cb-3863bb33a4e4,Clark / Prince-Arthur,6411,45.513342512307055,-73.57301607728004,"['KEY', 'CREDITCARD']",31,False,False,False,True,,13,0,1,17,0,1,1,1,1764184092,False,False,,30,0.43333333333333335
433,0b14a228-08f3-11e7-a1cb-3863bb33a4e4,Berlioz / de l'Île des Soeurs,6428,45.45998577640931,-73.54395568370819,"['KEY', 'CREDITCARD']",23,False,False,False,True,,15,0,1,7,0,1,1,1,1764174729,False,False,,22,0.6818181818181818
437,0b14ae83-08f3-11e7-a1cb-3863bb33a4e4,St-Urbain / Laurier,6281,45.521710833771046,-73.59374284744263,"['KEY', 'CREDITCARD']",19,False,False,False,True,,1,0,0,18,0,1,1,1,1764183657,False,False,,19,0.05263157894736842
438,0b14b09f-08f3-11e7-a1cb-3863bb33a4e4,de Maisonneuve / Greene,6432,45.48697062,-73.58929306,"['KEY', 'CREDITCARD']",19,False,False,False,True,,2,0,2,15,0,1,1,1,1764183905,False,False,,17,0.11764705882352941
455,0b15234d-08f3-11e7-a1cb-3863bb33a4e4,Stanley / Sherbrooke,6701,45.50105732321463,-73.57722634080346,"['KEY', 'CREDITCARD']",39,False,False,False,True,,3,1,0,36,0,1,1,1,1764180393,False,False,,39,0.07692307692307693
457,0b154e30-08f3-11e7-a1cb-3863bb33a4e4,Sherbrooke / Jeanne-d'Arc,6703,45.55398156058887,-73.55496388156098,"['KEY', 'CREDITCARD']",27,False,False,False,True,,0,0,0,27,0,1,1,1,1764181747,False,False,,27,0.0
459,0b1551f1-08f3-11e7-a1cb-3863bb33a4e4,3e avenue / Bannantyne,6705,45.457664178809154,-73.57588469982147,"['KEY', 'CREDITCARD']",15,False,False,False,True,,2,1,1,12,0,1,1,1,1764178305,False,False,,14,0.14285714285714285
461,0b155435-08f3-11e7-a1cb-3863bb33a4e4,Métro Jolicoeur (de Sève / Drake),6707,45.45608545783109,-73.58193710446358,"['KEY', 'CREDITCARD']",19,False,False,False,True,,9,1,0,10,0,1,1,1,1764179578,False,False,,19,0.47368421052631576
462,0b155561-08f3-11e7-a1cb-3863bb33a4e4,Métro Verdun (Willibrord / de Verdun),6708,45.45937359425342,-73.57200354337692,"['KEY', 'CREDITCARD']",21,False,False,False,True,,12,0,1,8,0,1,1,1,1764183682,False,False,,20,0.6
466,0b1559e7-08f3-11e7-a1cb-3863bb33a4e4,LaSalle / Crawford,6712,45.43791516514076,-73.58253550531117,"['KEY', 'CREDITCARD']",15,False,False,False,True,,5,1,1,9,0,1,1,1,1764180243,False,False,,14,0.35714285714285715
468,0b1560e8-08f3-11e7-a1cb-3863bb33a4e4,de la Vérendrye / 75e avenue,6714,45.42070552680549,-73.62966051438889,"['KEY', 'CREDITCARD']",19,False,False,False,True,,2,0,0,17,0,1,1,1,1764149772,False,False,,19,0.10526315789473684
472,0b1565a3-08f3-11e7-a1cb-3863bb33a4e4,Grand Boulevard / Sherbrooke,6718,45.46659823105616,-73.62334638833998,"['KEY', 'CREDITCARD']",15,False,False,False,True,,1,1,0,14,0,1,1,1,1764183768,False,False,,15,0.06666666666666667
474,0b1567df-08f3-11e7-a1cb-3863bb33a4e4,Ontario / Ville-Marie,6720,45.56001959585449,-73.534934520776,"['KEY', 'CREDITCARD']",19,False,False,False,True,,12,1,1,6,0,1,1,1,1764183908,False,False,,18,0.6666666666666666
476,0b156b6c-08f3-11e7-a1cb-3863bb33a4e4,de Marseille / de la Pépinière,6722,45.576651576813596,-73.54069948196411,"['KEY', 'CREDITCARD']",23,False,False,False,True,,18,0,1,4,0,1,1,1,1764177138,False,False,,22,0.8181818181818182
480,0b157007-08f3-11e7-a1cb-3863bb33a4e4,Hamel / Sauriol,6726,45.56157008176612,-73.65338176488876,"['KEY', 'CREDITCARD']",15,False,False,False,True,,6,2,2,7,0,1,1,1,1764183823,False,False,,13,0.46153846153846156
483,0b157357-08f3-11e7-a1cb-3863bb33a4e4,St-André / Ste-Catherine,6729,45.516297540849614,-73.55801045894623,"['KEY', 'CREDITCARD']",27,False,False,False,True,,10,0,3,14,0,1,1,1,1764183856,False,False,,24,0.4166666666666667
486,0b15768c-08f3-11e7-a1cb-3863bb33a4e4,Fortune / Wellington,6732,45.477817318048714,-73.55884194374084,"['KEY', 'CREDITCARD']",27,False,False,False,True,,10,0,0,17,0,1,1,1,1764183403,False,False,,27,0.37037037037037035
489,0b1579f1-08f3-11e7-a1cb-3863bb33a4e4,Lajeunesse / Villeray,6734,45.54218173507584,-73.62268656492233,"['KEY', 'CREDITCARD']",15,False,False,False,True,,4,2,3,8,0,1,1,1,1764183967,False,False,,12,0.3333333333333333
490,0b157b10-08f3-11e7-a1cb-3863bb33a4e4,Métro Henri-Bourassa (Henri-Bourassa / Millen),6736,45.55675103297278,-73.66716161370277,"['KEY', 'CREDITCARD']",16,False,False,False,True,,6,3,2,8,0,1,1,1,1764180220,False,False,,14,0.42857142857142855
491,0b157c28-08f3-11e7-a1cb-3863bb33a4e4,Émile-Journault / Christophe-Colomb,6737,45.55497306287777,-73.63752351456242,"['KEY', 'CREDITCARD']",21,False,False,False,True,,15,0,0,6,0,1,1,1,1764181045,False,False,,21,0.7142857142857143
492,0b157d3b-08f3-11e7-a1cb-3863bb33a4e4,6e avenue / Villeray,6735,45.55873962047568,-73.60589044634253,"['KEY', 'CREDITCARD']",11,False,False,False,True,,5,0,1,5,0,1,1,1,1764180137,False,False,,10,0.5
493,0b157e60-08f3-11e7-a1cb-3863bb33a4e4,Union / René-Lévesque,6738,45.50235036136798,-73.56658279895781,"['KEY', 'CREDITCARD']",27,False,False,False,True,,11,0,0,16,0,1,1,1,1764179039,False,False,,27,0.4074074074074074
497,0b1582bb-08f3-11e7-a1cb-3863bb33a4e4,Lincoln / du Fort,6742,45.49306511863136,-73.58382672071457,"['KEY', 'CREDITCARD']",19,False,False,False,True,,11,1,0,8,0,1,1,1,1764183408,False,False,,19,0.5789473684210527
498,0b1583e3-08f3-11e7-a1cb-3863bb33a4e4,Lincoln / St-Marc,6743,45.494168413100326,-73.58257412910461,"['KEY', 'CREDITCARD']",23,False,False,False,True,,21,0,0,2,0,1,1,1,1764180089,False,False,,23,0.9130434782608695
500,0b158b6f-08f3-11e7-a1cb-3863bb33a4e4,Jean-Talon / de l'Épée,6745,45.527941351769826,-73.62388551235199,"['KEY', 'CREDITCARD']",15,False,False,False,True,,3,1,1,11,0,1,1,1,1764183358,False,False,,14,0.21428571428571427
501,0b158ca5-08f3-11e7-a1cb-3863bb33a4e4,Métro Acadie (de l'Acadie / Beaumont),6746,45.52357479400008,-73.62344294786453,"['KEY', 'CREDITCARD']",21,False,False,False,True,,4,0,7,10,0,1,1,1,1764183970,False,False,,14,0.2857142857142857
504,0b159001-08f3-11e7-a1cb-3863bb33a4e4,Robert-Bourassa / Ste-Catherine,6749,45.50325409319902,-73.57002343989733,"['KEY', 'CREDITCARD']",39,False,False,False,True,,15,3,0,24,0,1,1,1,1764184029,False,False,,39,0.38461538461538464
511,0b15c175-08f3-11e7-a1cb-3863bb33a4e4,Centre ÉPIC (St-Zotique / 40e avenue),6753,45.57414703721992,-73.57462137937546,"['KEY', 'CREDITCARD']",23,False,False,False,True,,2,1,1,19,1,1,1,1,1764182983,False,False,,21,0.09523809523809523
514,0b15c4e5-08f3-11e7-a1cb-3863bb33a4e4,Ball / Bloomfield,7001,45.529996997063385,-73.63287091255188,"['KEY', 'CREDITCARD']",11,False,False,False,True,,3,0,0,8,0,1,1,1,1764183249,False,False,,11,0.2727272727272727
522,0b15cdba-08f3-11e7-a1cb-3863bb33a4e4,Panet / de Maisonneuve,7009,45.52056694976339,-73.55609618582093,"['KEY', 'CREDITCARD']",23,False,False,False,True,,6,1,0,17,0,1,1,1,1764183692,False,False,,23,0.2608695652173913
524,0b15d009-08f3-11e7-a1cb-3863bb33a4e4,Métro Beaudry (Beaudry / Ste-Catherine),7011,45.51888453178292,-73.55593845248222,"['KEY', 'CREDITCARD']",23,False,False,False,True,,12,1,0,11,0,1,1,1,1764182968,False,False,,23,0.5217391304347826
525,0b15d11c-08f3-11e7-a1cb-3863bb33a4e4,St-Hubert / René-Levesque,7012,45.514481971650625,-73.5568732023239,"['KEY', 'CREDITCARD']",19,False,False,False,True,,17,0,1,1,0,1,1,1,1764184061,False,False,,18,0.9444444444444444
526,0b15d232-08f3-11e7-a1cb-3863bb33a4e4,Hingston / Somerled,7013,45.47351722408452,-73.63420456666063,"['KEY', 'CREDITCARD']",15,False,False,False,True,,1,1,0,14,0,1,1,1,1764177164,False,False,,15,0.06666666666666667
527,0b15d348-08f3-11e7-a1cb-3863bb33a4e4,Métro Université de Montréal (Édouard-Montpetit / Louis-Collin),7014,45.50363996257211,-73.6182689666748,"['KEY', 'CREDITCARD']",26,False,False,False,True,,7,5,0,18,1,1,1,1,1764184037,False,False,,25,0.28
528,0b15d9c8-08f3-11e7-a1cb-3863bb33a4e4,Parc des Rapides (LaSalle / 6e avenue),7015,45.42947143740888,-73.59309915918857,"['KEY', 'CREDITCARD']",23,False,False,False,True,,1,0,1,21,0,1,1,1,1764179482,False,False,,22,0.045454545454545456
529,0b15db12-08f3-11e7-a1cb-3863bb33a4e4,Métro Langelier (Langelier / Sherbrooke),7016,45.58284663189181,-73.54247644543648,"['KEY', 'CREDITCARD']",19,False,False,False,True,,4,0,0,15,0,1,1,1,1764176464,False,False,,19,0.21052631578947367
530,0b15dc2d-08f3-11e7-a1cb-3863bb33a4e4,Bennett / Ste-Catherine,7017,45.55315915057821,-73.53263273835182,"['KEY', 'CREDITCARD']",21,False,False,False,True,,13,0,0,8,0,1,1,1,1764181079,False,False,,21,0.6190476190476191
532,0b15de58-08f3-11e7-a1cb-3863bb33a4e4,St-Dominique / St-Viateur (nord),7019,45.52699370788149,-73.59915873968929,"['KEY', 'CREDITCARD']",27,False,False,False,True,,0,0,0,27,0,1,1,1,1764149476,False,False,,27,0.0
535,0b15e1ac-08f3-11e7-a1cb-3863bb33a4e4,Thérèse-Lavoix-Roux / Wiseman,7022,45.522176124901165,-73.61914336681366,"['KEY', 'CREDITCARD']",15,False,False,False,True,,2,0,1,11,1,1,1,1,1764183898,False,False,,13,0.15384615384615385
537,0b15e3d6-08f3-11e7-a1cb-3863bb33a4e4,Métro Laurier (Berri / St-Joseph),7024,45.52723106564012,-73.58672618865965,"['KEY', 'CREDITCARD']",21,False,False,False,True,,0,0,0,21,0,1,1,1,1764183474,False,False,,21,0.0
539,0b15e611-08f3-11e7-a1cb-3863bb33a4e4,St-Dominique / Bernard,7025,45.52793332015246,-73.60122251338906,"['KEY', 'CREDITCARD']",19,False,False,False,True,,0,0,0,19,0,1,1,1,1764183039,False,False,,19,0.0
540,0b15e73a-08f3-11e7-a1cb-3863bb33a4e4,Maguire / Henri-Julien,7026,45.527041096087785,-73.59347056655677,"['KEY', 'CREDITCARD']",19,False,False,False,True,,0,0,0,19,0,1,1,1,1764169082,False,False,,19,0.0
541,0b15e8c3-08f3-11e7-a1cb-3863bb33a4e4,Fullum / Marie-Anne,7027,45.53650541861215,-73.56803923845291,"['KEY', 'CREDITCARD']",27,False,False,False,True,,1,0,2,24,0,1,1,1,1764184015,False,False,,25,0.04
542,0b15e9f2-08f3-11e7-a1cb-3863bb33a4e4,de Gaspé / St-Viateur,7028,45.527792312754336,-73.5976084228787,"['KEY', 'CREDITCARD']",23,False,False,False,True,,0,0,1,22,0,1,1,1,1764179547,False,False,,22,0.0
544,0b15ec38-08f3-11e7-a1cb-3863bb33a4e4,Cartier / Marie-Anne,7030,45.53280412806031,-73.57190161943436,"['KEY', 'CREDITCARD']",27,False,False,False,True,,0,0,0,27,0,1,1,1,1764182965,False,False,,27,0.0
545,0b15ed4a-08f3-11e7-a1cb-3863bb33a4e4,Berri / Rachel,7031,45.52275023118295,-73.57724860310555,"['KEY', 'CREDITCARD']",19,False,False,False,True,,0,0,1,18,0,1,1,1,1764181540,False,False,,18,0.0
547,0b15ef72-08f3-11e7-a1cb-3863bb33a4e4,Aylmer / Prince-Arthur,7033,45.508566869474386,-73.57769787311554,"['KEY', 'CREDITCARD']",23,False,False,False,True,,7,1,0,16,0,1,1,1,1764184059,False,False,,23,0.30434782608695654
555,0b15fda8-08f3-11e7-a1cb-3863bb33a4e4,Grand Boulevard / de Terrebonne,7041,45.47042425881147,-73.63157272338867,"['KEY', 'CREDITCARD']",23,False,False,False,True,,2,1,2,19,0,1,1,1,1764183508,False,False,,21,0.09523809523809523
557,0b15ffd0-08f3-11e7-a1cb-3863bb33a4e4,Parc Maisonneuve (Viau / Sherbrooke),7044,45.56493679334249,-73.5555911064148,"['KEY', 'CREDITCARD']",23,False,False,False,True,,3,1,0,19,1,1,1,1,1764181172,False,False,,22,0.13636363636363635
558,0b1600e4-08f3-11e7-a1cb-3863bb33a4e4,Laurier / St-Denis,7045,45.5271540234837,-73.58943924307823,"['KEY', 'CREDITCARD']",37,False,False,False,True,,1,0,2,34,0,1,1,1,1764181071,False,False,,35,0.02857142857142857
559,0b160210-08f3-11e7-a1cb-3863bb33a4e4,de Maisonneuve / Mansfield (nord),7046,45.502386079583346,-73.57333794236183,"['KEY', 'CREDITCARD']",19,False,False,False,True,,13,1,0,6,0,1,1,1,1764182259,False,False,,19,0.6842105263157895
561,0b16042d-08f3-11e7-a1cb-3863bb33a4e4,Métro Angrignon (Lamont / des Trinitaires),7048,45.44650450192042,-73.6025619506836,"['KEY', 'CREDITCARD']",23,False,False,False,True,,2,0,0,21,0,1,1,1,1764183530,False,False,,23,0.08695652173913043
562,0b160541-08f3-11e7-a1cb-3863bb33a4e4,Parc de Dieppe (Pierre-Dupuy),7049,45.501863463435576,-73.5439610481262,"['KEY', 'CREDITCARD']",35,False,False,False,True,,1,1,1,33,0,1,1,1,1764150981,False,False,,34,0.029411764705882353
563,0b160654-08f3-11e7-a1cb-3863bb33a4e4,Ottawa / William,7050,45.48972725318433,-73.56406286358833,"['KEY', 'CREDITCARD']",15,False,False,False,True,,10,0,0,5,0,1,1,1,1764183130,False,False,,15,0.6666666666666666
567,0b162f91-08f3-11e7-a1cb-3863bb33a4e4,de la Côte St-Paul / St-Ambroise,7054,45.467665653865964,-73.59391784324544,"['KEY', 'CREDITCARD']",27,False,False,False,True,,12,3,2,13,0,1,1,1,1764183953,False,False,,25,0.48
570,0b1632e1-08f3-11e7-a1cb-3863bb33a4e4,3e avenue / Wellington,7057,45.457304311219616,-73.56723271765077,"['KEY', 'CREDITCARD']",19,False,False,False,True,,9,1,0,10,0,1,1,1,1764183313,False,False,,19,0.47368421052631576
571,0b1633f6-08f3-11e7-a1cb-3863bb33a4e4,Rielle / Wellington,7058,45.46015836125838,-73.56699254371051,"['KEY', 'CREDITCARD']",23,False,False,False,True,,2,1,0,21,0,1,1,1,1764180281,False,False,,23,0.08695652173913043
572,0b163a73-08f3-11e7-a1cb-3863bb33a4e4,Melrose / de Verdun,7059,45.45381979371188,-73.57238446649716,"['KEY', 'CREDITCARD']",19,False,False,False,True,,7,1,0,12,0,1,1,1,1764183898,False,False,,19,0.3684210526315789
575,0b163de4-08f3-11e7-a1cb-3863bb33a4e4,William / Robert-Bourassa,7062,45.49716534003792,-73.55933010578154,"['KEY', 'CREDITCARD']",21,False,False,False,True,,6,0,1,14,0,1,1,1,1764180556,False,False,,20,0.3
579,0b16436c-08f3-11e7-a1cb-3863bb33a4e4,St-Urbain / de la Gauchetière,7066,45.50707812811467,-73.56139540672302,"['KEY', 'CREDITCARD']",43,False,False,False,True,,30,0,0,13,0,1,1,1,1764183922,False,False,,43,0.6976744186046512
580,0b164480-08f3-11e7-a1cb-3863bb33a4e4,City Councillors / du President-Kennedy,7067,45.50625103256782,-73.57139065861702,"['KEY', 'CREDITCARD']",31,False,False,False,True,,12,1,0,19,0,1,1,1,1764183048,False,False,,31,0.3870967741935484
581,0b164596-08f3-11e7-a1cb-3863bb33a4e4,Richmond / des Bassins,7068,45.48748348091225,-73.56505062438373,"['KEY', 'CREDITCARD']",23,False,False,False,True,,17,1,0,6,0,1,1,1,1764182297,False,False,,23,0.7391304347826086
582,0b1646b5-08f3-11e7-a1cb-3863bb33a4e4,Jeanne-Mance / René-Lévesque,7069,45.5063713381299,-73.5642009973526,"['KEY', 'CREDITCARD']",61,False,False,False,True,,45,1,0,16,0,1,1,1,1764183235,False,False,,61,0.7377049180327869
586,0b164b12-08f3-11e7-a1cb-3863bb33a4e4,Bishop / de Maisonneuve,7073,45.49720422766309,-73.5777654405865,"['KEY', 'CREDITCARD']",35,False,False,False,True,,19,0,0,16,0,1,1,1,1764183209,False,False,,35,0.5428571428571428
587,0b164c29-08f3-11e7-a1cb-3863bb33a4e4,Montcalm / Ontario,7074,45.52108615250219,-73.56223225593565,"['KEY', 'CREDITCARD']",27,False,False,False,True,,15,0,0,12,0,1,1,1,1764184087,False,False,,27,0.5555555555555556
590,0b1654f1-08f3-11e7-a1cb-3863bb33a4e4,Jean-Langlois / Fullum,7077,45.526499983000186,-73.54575277422555,"['KEY', 'CREDITCARD']",31,False,False,False,True,,6,0,0,25,0,1,1,1,1764183887,False,False,,31,0.1935483870967742
591,0b16562e-08f3-11e7-a1cb-3863bb33a4e4,Joseph-Manseau / René-Levesque,7078,45.491686521008035,-73.57682347297668,"['KEY', 'CREDITCARD']",27,False,False,False,True,,2,0,0,25,0,1,1,1,1764180156,False,False,,27,0.07407407407407407
592,0b165745-08f3-11e7-a1cb-3863bb33a4e4,St-Antoine / Robert-Bourassa,7079,45.49995267212599,-73.56302767996567,"['KEY', 'CREDITCARD']",27,False,False,False,True,,25,0,1,1,0,1,1,1,1764180615,False,False,,26,0.9615384615384616
593,0b165864-08f3-11e7-a1cb-3863bb33a4e4,du President-Kennedy / Union,7080,45.505102242483595,-73.57187882065773,"['KEY', 'CREDITCARD']",31,False,False,False,True,,16,1,0,15,0,1,1,1,1764183558,False,False,,31,0.5161290322580645
594,0b165999-08f3-11e7-a1cb-3863bb33a4e4,St-Hubert / de Maisonneuve,7081,45.51613214980722,-73.56049686670303,"['KEY', 'CREDITCARD']",23,False,False,False,True,,0,0,0,23,0,0,1,1,1762870749,False,False,,23,0.0
607,a69227c7-deda-4988-a5fd-f3e9fe4d00fe,Métro Lionel-Groulx (St-Jacques / Atwater),7082,45.48295816149219,-73.57975836854166,"['KEY', 'CREDITCARD']",33,False,False,False,True,,17,2,2,14,0,1,1,1,1764183338,False,False,,31,0.5483870967741935
608,4cabba00-e5fa-434b-a526-7653c25e392c,McTavish / Sherbrooke,7084,45.50277615861811,-73.57589408755302,"['KEY', 'CREDITCARD']",54,False,False,False,True,,39,0,0,15,0,1,1,1,1764183910,False,False,,54,0.7222222222222222
609,41bdaf12-6920-4305-8192-d62787029389,Fairmount / Hutchison,7083,45.51969064184933,-73.59826556408734,"['KEY', 'CREDITCARD']",23,False,False,False,True,,3,0,1,19,0,1,1,1,1764182915,False,False,,22,0.13636363636363635
620,9c482b2f-0a57-4ef8-8bd5-73ac839b1b35,Metcalfe / de Maisonneuve,7093,45.50177034353527,-73.57427495998309,"['KEY', 'CREDITCARD']",27,False,False,False,True,,9,1,1,17,0,1,1,1,1764183760,False,False,,26,0.34615384615384615
623,8afbbf58-1be5-4a44-91ef-42f6c5635c99,Chabanel / du Parc,7096,45.53830765459552,-73.6548838019371,"['KEY', 'CREDITCARD']",30,False,False,False,True,,24,0,0,6,0,1,1,1,1764178094,False,False,,30,0.8
624,a5bbe554-36cb-430d-9e74-4a1903c9b474,Wilfrid-Pelletier / Joseph-Renaud,7097,45.604946019905896,-73.55355179870458,"['KEY', 'CREDITCARD']",15,False,False,False,True,,0,0,0,15,0,1,1,1,1764152377,False,False,,15,0.0
625,5d358b14-6a3b-48cf-ba5a-c37f818e20f8,Grey / Sherbrooke,7099,45.47651075689498,-73.60647261142731,"['KEY', 'CREDITCARD']",21,False,False,False,True,,4,1,1,16,0,1,1,1,1764183790,False,False,,20,0.2
626,37ce8fe7-e47c-4fc2-bb12-188268b84830,Union / Ste-Catherine,7098,45.504027213143104,-73.56970220804214,"['KEY', 'CREDITCARD']",47,False,False,False,True,,28,0,0,19,0,1,1,1,1764183663,False,False,,47,0.5957446808510638
628,27f3c8a3-0874-40bb-9eb4-26ae3941f736,Métro De la Savane (Bougainville / de Sorel),7101,45.50036849580881,-73.66134421282368,"['KEY', 'CREDITCARD']",19,False,False,False,True,,11,1,1,7,0,1,1,1,1764172776,False,False,,18,0.6111111111111112
630,ac6d0172-ae6b-45a1-a0f2-71db92e52559,St-Joseph / 8e avenue Lachine,7103,45.431518914135125,-73.67110446095467,"['KEY', 'CREDITCARD']",27,False,False,False,True,,4,0,1,22,0,1,1,1,1764180433,False,False,,26,0.15384615384615385
632,11d98bc0-a11f-4506-9a74-89b6ae3cbc55,Parc St-Louis (St-Joseph / 34e avenue),7105,45.432839840726125,-73.69349151849747,"['KEY', 'CREDITCARD']",23,False,False,False,True,,9,0,0,14,0,1,1,1,1764150072,False,False,,23,0.391304347826087
633,05c30e26-3af8-4324-a927-2107af730e84,Victoria / 18e avenue Lachine,7106,45.43579350588776,-73.6801904439926,"['KEY', 'CREDITCARD']",15,False,False,False,True,,8,0,2,5,0,1,1,1,1764150072,False,False,,13,0.6153846153846154
634,2890e427-fe95-4bf1-a268-85699f6388e6,St-Joseph / 21e avenue Lachine,7107,45.43360387238747,-73.68436396121979,"['KEY', 'CREDITCARD']",19,False,False,False,True,,3,0,0,16,0,1,1,1,1764179691,False,False,,19,0.15789473684210525
635,3a782ff8-eac1-4d9f-97c3-980b94e09d10,Gagne / LaSalle,7108,45.422451407155854,-73.601194024086,"['KEY', 'CREDITCARD']",19,False,False,False,True,,8,2,1,10,0,1,1,1,1764179094,False,False,,18,0.4444444444444444
636,9ff2903a-3e84-4cf7-a08f-56c179f47ca9,Mairie d'arrondissement LaSalle (Dupras / Jeannette),7109,45.429166968311485,-73.66280972957611,"['KEY', 'CREDITCARD']",15,False,False,False,True,,7,3,0,8,0,1,1,1,1764165719,False,False,,15,0.4666666666666667
637,6f06d2d0-fe38-4f27-b954-0708c64e9111,Parc Lacharité (Latour / Forget),7110,45.41773748108526,-73.62338548639853,"['KEY', 'CREDITCARD']",19,False,False,False,True,,7,2,2,9,1,1,1,1,1764183930,False,False,,16,0.4375
638,141b3cb8-010c-404e-8017-85fd538f1036,LaSalle / 37e avenue,7111,45.416294661505354,-73.6129005253315,"['KEY', 'CREDITCARD']",19,False,False,False,True,,8,4,1,10,0,1,1,1,1764150072,False,False,,18,0.4444444444444444
639,e53f7ac3-165f-41e1-9f68-d3471b6897b1,Parc Lefebvre (Hardy / Dollard),7112,45.43386708039645,-73.63629615207174,"['KEY', 'CREDITCARD']",19,False,False,False,True,,6,1,1,11,1,1,1,1,1764177835,False,False,,17,0.35294117647058826
640,0be4f33e-fcbd-4d98-9401-229fd183bd78,Casgrain / Maguire,7113,45.52621764749851,-73.5957657695144,"['KEY', 'CREDITCARD']",23,False,False,False,True,,1,1,0,22,0,1,1,1,1764183812,False,False,,23,0.043478260869565216
641,8c6532d4-b6ed-481b-b6c9-585459a6becb,Smith / Peel,7114,45.49276061084002,-73.55641052126883,"['KEY', 'CREDITCARD']",27,False,False,False,True,,11,0,0,16,0,1,1,1,1764182228,False,False,,27,0.4074074074074074
642,913c1975-01ea-4a82-b7fe-0e69126f1ba9,Métro Radisson (Sherbrooke / des Groseilliers),7115,45.58917500418707,-73.53965610265732,"['KEY', 'CREDITCARD']",19,False,False,False,True,,7,3,1,11,0,1,1,1,1764183436,False,False,,18,0.3888888888888889
643,310b2729-af0a-4e79-8cb9-af1139e0229c,Métro Honoré-Beaugrand (Sherbrooke / Honoré-Beaugrand),7116,45.59685627935051,-73.53526366878214,"['KEY', 'CREDITCARD']",19,False,False,False,True,,9,2,0,10,0,1,1,1,1764182104,False,False,,19,0.47368421052631576
645,7e5f3173-c724-4050-8178-2b4e0b2a5e4d,Ste-Claire / Baldwin,7118,45.60143594318699,-73.52461719114217,"['KEY', 'CREDITCARD']",23,False,False,False,True,,14,2,0,9,0,1,1,1,1764173196,False,False,,23,0.6086956521739131
646,42196207-6f5d-4c13-ba35-a900d5e1be17,Duchesneau / de Marseille,7119,45.60962627826218,-73.52273898082785,"['KEY', 'CREDITCARD']",19,False,False,False,True,,12,1,1,6,0,1,1,1,1764181376,False,False,,18,0.6666666666666666
647,713a0060-2a0b-44f1-99b2-947eaa8dbfc3,Pierre-de-Coubertin / Aird,7120,45.55903106539297,-73.54830354452133,"['KEY', 'CREDITCARD']",31,False,False,False,True,,12,0,1,18,0,1,1,1,1764183091,False,False,,30,0.4
649,0ae94fea-0db4-4f0d-af33-f185822d1759,University / Des Pins,7122,45.508097025461794,-73.57993757625081,"['KEY', 'CREDITCARD']",31,False,False,False,True,,0,0,0,31,0,1,1,1,1764182543,False,False,,31,0.0
652,a2c00315-461b-4191-b92b-eca7e4bfb066,Rosemont / Viau,7125,45.56833021674857,-73.56666326522826,"['KEY', 'CREDITCARD']",23,False,False,False,True,,1,0,0,22,0,1,1,1,1764183194,False,False,,23,0.043478260869565216
657,7e04cea7-60a1-4c66-a1c6-272c89a6df97,Métro du Collège (Cartier / Décarie),7130,45.50843904979172,-73.6729645729065,"['KEY', 'CREDITCARD']",17,False,False,False,True,,1,1,0,16,0,1,1,1,1764181741,False,False,,17,0.058823529411764705
658,0382a293-bef4-46d4-acce-11a2f811feb4,Montpellier / Stinson,7131,45.5195232737671,-73.66653370863787,"['KEY', 'CREDITCARD']",23,False,False,False,True,,10,1,1,12,0,1,1,1,1764166610,False,False,,22,0.45454545454545453
662,f07958e1-1c97-488d-9c91-fc5af07b6903,O'Brien / Poirier,7135,45.52252484113786,-73.69143962860107,"['KEY', 'CREDITCARD']",23,False,False,False,True,,4,1,2,17,0,1,1,1,1764183829,False,False,,21,0.19047619047619047
667,d2e0271f-1000-45a5-be2b-826bc3d86065,Ste-Catherine / St-Denis,7140,45.513861732724806,-73.56027960777283,"['KEY', 'CREDITCARD']",19,False,False,False,True,,18,0,0,1,0,1,1,1,1764183421,False,False,,19,0.9473684210526315
669,a95dc189-f8e1-4cd6-82fd-891faf88b941,Parc Dan-Hanganu (Elgar / de l'Île-des-Sœurs),7142,45.45682318753668,-73.546804189682,"['KEY', 'CREDITCARD']",14,False,False,False,True,,8,0,0,6,0,1,1,1,1764178326,False,False,,14,0.5714285714285714
670,79bc2886-1f1e-4d36-9e73-6a2a01804c87,LaSalle / Godin,7143,45.44693448484644,-73.57219934463501,"['KEY', 'CREDITCARD']",27,False,False,False,True,,10,1,1,16,0,1,1,1,1764184043,False,False,,26,0.38461538461538464
672,cfc793a2-de06-4a1f-8eb5-598089b390a4,Argyle / Bannantyne,7145,45.45323989735662,-73.57682414352894,"['KEY', 'CREDITCARD']",23,False,False,False,True,,1,0,0,22,0,1,1,1,1764182041,False,False,,23,0.043478260869565216
673,d6622a9d-b9f1-4cb0-b4e8-3764196c6373,St-Jacques / des Seigneurs,7146,45.489195200559635,-73.57193386455037,"['KEY', 'CREDITCARD']",23,False,False,False,True,,19,0,0,4,0,1,1,1,1764184056,False,False,,23,0.8260869565217391
681,2486cb1f-9475-4291-85a4-5f11104667e4,Melville / de Maisonneuve,6437,45.48184019359366,-73.59537899494171,"['KEY', 'CREDITCARD']",15,False,False,False,True,,2,2,0,13,0,1,1,1,1764182484,False,False,,15,0.13333333333333333
682,9dba1653-7543-48b2-99aa-f838cb46f145,Parc Montcalm (Parkway / Montcalm),7150,45.53498735530518,-73.76111805438995,"['KEY', 'CREDITCARD']",19,False,False,False,True,,6,1,1,12,0,1,1,1,1764150675,False,False,,18,0.3333333333333333
692,d23da94b-4ffc-41f8-aac9-26a7d54dd58d,de Gaspé / Marmier,8056,45.529668174024685,-73.60166944563389,"['KEY', 'CREDITCARD']",21,False,True,False,True,,2,0,0,19,0,1,1,1,1764183102,False,True,,21,0.09523809523809523
693,711f2ff3-4bb2-4a88-ae1b-c63d2a369f79,Cégep Marie-Victorin,8052,45.617499783128075,-73.60601127147675,"['KEY', 'CREDITCARD']",11,False,True,False,True,,5,1,0,6,0,1,1,1,1764183798,False,True,,11,0.45454545454545453
694,1db0360e-e44d-46a0-901e-83dd951f34ee,Hôpital du Sacré-Coeur (Forbes / St-Évariste),8012,45.531970775668555,-73.71351699401657,"['KEY', 'CREDITCARD']",21,False,True,False,True,,15,1,1,5,0,1,1,1,1764182936,False,True,,20,0.75
696,af9c250f-97f7-4d9a-a34f-2c8bf06f2a1b,Parc Van Horne (de la Peltrie / de Westbury),8017,45.490494421832885,-73.63852232694626,"['KEY', 'CREDITCARD']",15,False,False,False,True,,13,0,0,2,0,1,1,1,1764182822,False,False,,15,0.8666666666666667
700,438d82c1-e3ea-484c-bbdc-4d01f97a2057,Parc nature de l'Île-de-la-Visitation (Gouin / Bruchési),8011,45.57833184623925,-73.65595400333405,"['KEY', 'CREDITCARD']",19,False,False,False,True,,17,0,1,1,0,1,1,1,1764183855,False,False,,18,0.9444444444444444
702,8cfe3cbc-9dfb-4a5b-9ffe-ea84de64eb47,Parc Georges St-Pierre (Oxford / Upper Lachine),8018,45.46887995929811,-73.60943913459778,"['KEY', 'CREDITCARD']",19,False,False,False,True,,1,0,1,17,0,1,1,1,1764183142,False,False,,18,0.05555555555555555
703,3deba875-e06a-45a3-9ac3-c2990de36d09,Parc de la Confédération (Fielding / West Hill),8019,45.471881993586074,-73.64002168178558,"['KEY', 'CREDITCARD']",23,False,False,False,True,,17,2,1,5,0,1,1,1,1764183867,False,False,,22,0.7727272727272727
705,10eebef8-e9de-4a35-bb77-fe91b0d92114,des Ormeaux / de Grosbois,8042,45.605901731906485,-73.53436946868896,"['KEY', 'CREDITCARD']",15,False,False,False,True,,5,1,0,10,0,1,1,1,1764182578,False,False,,15,0.3333333333333333
706,302c870a-f143-4fd6-80c2-ffeb145e66ff,Parc MacDonald (Clanranald / Isabella),8020,45.482741483803686,-73.6347082843349,"['KEY', 'CREDITCARD']",15,False,False,False,True,,5,0,0,10,0,1,1,1,1764183523,False,False,,15,0.3333333333333333
707,c9940d6e-d804-42a9-ab99-cdd8f2718002,Parc Reine-Élizabeth (Penniston / Crawford),8065,45.43914465255811,-73.59173655509949,"['KEY', 'CREDITCARD']",15,False,False,False,True,,2,0,1,12,0,1,1,1,1764183722,False,False,,14,0.14285714285714285
708,6bcc24f4-d3c9-4864-9777-aa1e4e8a04ec,Parc Labelle (LaSalle / Henri-Duhamel),8064,45.472384197995595,-73.5699999332428,"['KEY', 'CREDITCARD']",19,False,False,False,True,,9,0,1,9,0,1,1,1,1764183982,False,False,,18,0.5
710,d5af8bbd-012e-41d0-8c20-e4c018f3fdb1,Beurling / Godin,8066,45.44791581215845,-73.58381867408752,"['KEY', 'CREDITCARD']",19,False,False,False,True,,16,1,0,3,0,1,1,1,1764182805,False,False,,19,0.8421052631578947
716,8d0bf2f0-d457-4d90-997c-80cb8e35db4e,Parc Marlborough (Beauzèle / Robichaud),8059,45.52234149817879,-73.72167885303497,"['KEY', 'CREDITCARD']",15,False,False,False,True,,5,0,3,7,0,1,1,1,1764183612,False,False,,12,0.4166666666666667
717,f08b2a87-bbf3-47c0-a0a0-db836f256076,Place Rodolphe-Rousseau (Gohier / Édouard-Laurin),8068,45.5129938566323,-73.68249848484993,"['KEY', 'CREDITCARD']",25,False,True,False,True,,8,1,3,14,0,1,1,1,1764183056,False,True,,22,0.36363636363636365
718,47cb7a0c-4250-4c21-b70a-7a815187216d,du Marché Central / Crémazie,8053,45.53341740599902,-73.64888370037079,"['KEY', 'CREDITCARD']",15,False,True,False,True,,14,2,0,1,0,1,1,1,1764184010,False,True,,15,0.9333333333333333
719,ef18ab32-665d-4d7d-b3aa-64dee950c0f9,Cégep André-Laurendeau (Lapierre),8029,45.43605512104547,-73.60577523708344,"['KEY', 'CREDITCARD']",29,False,True,False,True,,3,1,1,25,0,1,1,1,1764183974,False,True,,28,0.10714285714285714
720,9386a01e-eb16-46f8-a76c-8af3ae155551,Terminus Newman (Airlie / Lafleur),8062,45.425059666150744,-73.64959917962551,"['KEY', 'CREDITCARD']",19,False,True,False,True,,3,1,1,15,0,1,1,1,1764182429,False,True,,18,0.16666666666666666
721,a74ea4e2-8baa-4ffa-81bd-bf2db09cebee,du Canal / McLaughlin,8025,45.42969214118378,-73.6694884300232,"['KEY', 'CREDITCARD']",23,False,False,False,True,,12,1,0,11,0,1,1,1,1764165310,False,False,,23,0.5217391304347826
722,ce93ad50-e362-458b-9e13-168325328722,St-Antoine / 19e avenue,8027,45.43993803436114,-73.68146234754022,"['KEY', 'CREDITCARD']",15,False,False,False,True,,4,0,0,11,0,1,1,1,1764183835,False,False,,15,0.26666666666666666
723,2278037b-3c3a-448f-9994-7717ec630822,Lévesque O / 91e Avenue,8060,45.53076833400132,-73.7480498851437,"['KEY', 'CREDITCARD']",23,False,False,False,True,,5,3,4,14,0,1,1,1,1764183784,False,False,,19,0.2631578947368421
728,e3bc8ba4-b88a-499f-b1df-003c8c9e1268,Parc Sauvé (Balzac / de Bayonne),8047,45.598880374710674,-73.63657951360437,"['KEY', 'CREDITCARD']",15,False,False,False,True,,9,3,3,3,0,1,1,1,1764183904,False,False,,12,0.75
729,ef48ad79-5aee-4989-9d30-59a4a168251a,La Fontaine / Panet,8063,45.522059017843844,-73.55921662414403,"['KEY', 'CREDITCARD']",19,False,False,False,True,,9,2,0,10,0,1,1,1,1764183371,False,False,,19,0.47368421052631576
730,90783e8f-1e2a-4d00-9664-4ac404f28e6d,Provost / 16e avenue,8028,45.44200689108149,-73.67843091487885,"['KEY', 'CREDITCARD']",15,False,False,False,True,,5,0,0,10,0,1,1,1,1764183204,False,False,,15,0.3333333333333333
734,92334c60-8ec2-4568-a990-59e8100c0cfd,BIXI K5,8016,45.530297633587914,-73.60139787197113,"['KEY', 'CREDITCARD']",14,False,True,False,True,,1,1,0,13,0,1,1,1,1764182622,False,True,,14,0.07142857142857142
740,a99d47d9-e066-43d1-b000-07132f3b39c4,Gare d'autocars de Montréal (Berri / Ontario),8071,45.516926210319546,-73.56425732374191,"['KEY', 'CREDITCARD']",15,False,True,False,True,,5,1,1,9,0,1,1,1,1764183360,False,True,,14,0.35714285714285715
743,84147071-431e-458b-8d88-c3599820bde1,Parc Chenier (de l'Aréna / Chenier),8050,45.60248649638568,-73.5432904958725,"['KEY', 'CREDITCARD']",19,False,False,False,True,,7,1,0,12,0,1,1,1,1764182339,False,False,,19,0.3684210526315789
745,65030bfb-c92d-4cfd-9c57-6ab8ce7396f7,Parc Dixie (Dixie / 54e avenue),8026,45.44255264540259,-73.71770113706589,"['KEY', 'CREDITCARD']",19,False,False,False,True,,8,0,3,8,0,1,1,1,1764183935,False,False,,16,0.5
752,7b579c3f-73d6-457d-ab89-5ffdaf450857,Messier / St-Joseph,8036,45.53946063965585,-73.57605636119843,"['KEY', 'CREDITCARD']",17,False,True,False,True,,1,0,1,15,0,1,1,1,1764182824,False,True,,16,0.0625
754,53450745-5428-4844-ae53-dbd454fc504e,Travaux publics LaSalle (Cordner / Léger),8024,45.44527192876118,-73.62448364496231,"['KEY', 'CREDITCARD']",15,False,True,False,True,,6,1,0,9,0,1,1,1,1764182342,False,True,,15,0.4
756,9baed1f7-b468-4be6-a769-ae54a14f59a8,CHU Ste-Justine (de la Côte Ste-Catherine / Hudson),8074,45.50398168549117,-73.62283945083618,"['KEY', 'CREDITCARD']",37,False,True,False,True,,2,0,1,34,0,1,1,1,1764184092,False,True,,36,0.05555555555555555
760,332c8986-73fc-472a-80ef-9a14fa76062d,Ateliers municipaux de St-Laurent (Cavendish / Poirier),8069,45.506175841460966,-73.71118605136871,"['KEY', 'CREDITCARD']",19,False,True,False,True,,4,0,2,13,0,1,1,1,1764183784,False,True,,17,0.23529411764705882
762,55513f38-da48-4f6e-a73b-d169074f7e1d,Centre des loisirs (Tassé / Grenet),8022,45.51473429416659,-73.69144901633263,"['KEY', 'CREDITCARD']",15,False,True,False,True,,5,0,0,10,0,1,1,1,1764183424,False,True,,15,0.3333333333333333
768,150e255b-87ae-4858-ad3c-95864f520195,Parc St-Laurent (Salk / Thomas-Chapais),8129,45.6062348,-73.6287838,"['KEY', 'CREDITCARD']",19,False,True,False,True,,5,0,1,13,0,1,1,1,1764183999,False,True,,18,0.2777777777777778
769,3b842092-18d6-4513-bf2e-ec1492112626,Parc Molson (d'Iberville / Beaubien),8146,45.54902230455398,-73.59198164194822,"['KEY', 'CREDITCARD']",19,False,True,False,True,,2,0,2,15,0,1,1,1,1764184084,False,True,,17,0.11764705882352941
770,c81a9546-82f3-42f3-bff4-778458cc2f96,Parc St-Laurent (Dutrisac),8147,45.52591381815231,-73.68911147117615,"['KEY', 'CREDITCARD']",19,False,True,False,True,,6,0,3,10,0,1,1,1,1764183086,False,True,,16,0.375
771,b37b65bd-446a-4f18-ba78-2ca2002ec2ca,Parc Beaulac (Élizabeth),8149,45.5200557245067,-73.67795147001743,"['KEY', 'CREDITCARD']",15,False,True,False,True,,8,1,0,7,0,1,1,1,1764183605,False,True,,15,0.5333333333333333
772,51fed989-6dd2-492e-98aa-038fe579f33d,CHSLD St-Michel (8e avenue / Jarry),8162,45.5616903,-73.610512,"['KEY', 'CREDITCARD']",15,False,True,False,True,,5,1,4,6,0,1,1,1,1764183856,False,True,,11,0.45454545454545453
773,bb12a0e0-b371-45ef-855b-1818cb1c0922,Parc Wilfrid-Bastien (Lacordaire / des Galets),8152,45.5864002,-73.5952181,"['KEY', 'CREDITCARD']",19,False,True,False,True,,16,3,2,1,0,1,1,1,1764183422,False,True,,17,0.9411764705882353
774,a3f2b0c6-4dab-48ed-aa9d-6192e502649b,Hôpital Santa Cabrini (de Pontoise / d'Évreux),8141,45.58135403391153,-73.57260999085156,"['KEY', 'CREDITCARD']",15,False,True,False,True,,0,0,1,14,0,1,1,1,1764182305,False,True,,14,0.0
776,2912dd6e-82e9-4d32-b0e2-452f5bf98ec2,Mairie d'arrondissement Montréal-Nord (Hébert / de Charleroi),8128,45.59398503487043,-73.63767206668854,"['KEY', 'CREDITCARD']",21,False,True,False,True,,4,1,1,16,0,1,1,1,1764150979,False,True,,20,0.2
778,f98eb5c9-be07-412c-a638-dc4434113513,Parc LaSalle (10e avenue / Victoria),8106,45.43805550384184,-73.67273926734924,"['KEY', 'CREDITCARD']",19,False,True,False,True,,10,0,1,8,0,1,1,1,1764183521,False,True,,18,0.5555555555555556
779,cd754373-6841-4127-bff2-09a8018cf540,Parc Stoney-Point (St-Joseph / 47e avenue),8105,45.43656827071224,-73.70836973190308,"['KEY', 'CREDITCARD']",19,False,True,False,True,,11,1,1,7,0,1,1,1,1764183678,False,True,,18,0.6111111111111112
780,9542acd7-7bf6-46ef-bd6c-95f777cebbf7,Masson / Molson,8104,45.54434593245247,-73.57697686180472,"['KEY', 'CREDITCARD']",19,False,True,False,True,,0,0,1,18,0,1,1,1,1764182398,False,True,,18,0.0
781,fab68014-0e92-4d36-b034-a0ab0740ac0a,Bibliothèque Jean-Corbeil (Goncourt / Place Montrichard),8094,45.6027276,-73.5579303,"['KEY', 'CREDITCARD']",11,False,True,False,True,,0,0,1,10,0,1,1,1,1764183043,False,True,,10,0.0
782,0029f8ce-089b-482e-b44d-e009779e7d72,Aréna Chaumont (Chaumont / des Ormeaux),8095,45.610926628992026,-73.54673445224762,"['KEY', 'CREDITCARD']",15,False,True,False,True,,4,0,1,10,0,1,1,1,1764155722,False,True,,14,0.2857142857142857
783,f71dae23-5454-4bbf-8889-2191f0cd6086,Parc Chamberland (Dorais / de l'Église),8145,45.502989,-73.689113,"['KEY', 'CREDITCARD']",19,False,True,False,True,,5,3,0,14,0,1,1,1,1764182465,False,True,,19,0.2631578947368421
785,a4c988c9-f846-45b0-92c7-9c36da9f9340,Parc Noel-Nord (Toupin / Keller),8144,45.51758306374252,-73.72661411762238,"['KEY', 'CREDITCARD']",19,False,True,False,True,,0,0,0,19,0,1,1,1,1764182647,False,True,,19,0.0
786,1a5ad88e-1b37-4a90-b08a-993f1946f00d,Parc du Bois-Franc (de l'Équateur / des Andes),8148,45.51317758246596,-73.71306091547012,"['KEY', 'CREDITCARD']",19,False,True,False,True,,19,5,0,0,0,1,1,1,1764183699,False,True,,19,1.0
787,a74f20c5-0093-4ed6-bdb7-14071c190b78,Parc Grovehill (St-Antoine / Ivan-Franko),8108,45.43982382100397,-73.69487822055817,"['KEY', 'CREDITCARD']",15,False,True,False,True,,11,2,0,4,0,1,1,1,1764183624,False,True,,15,0.7333333333333333
788,2dac9eaf-5f07-4fdb-92ad-4845cecc6875,Parc Summerlea (53e avenue / St-Joseph),8109,45.43836713933041,-73.71546685695648,"['KEY', 'CREDITCARD']",15,False,True,False,True,,6,0,2,7,0,1,1,1,1764183718,False,True,,13,0.46153846153846156
789,05a27286-bb16-4bae-98ca-7018997ec27d,Parc Kirkland (des Érables / Boyer),8107,45.44606092178209,-73.65079946815968,"['KEY', 'CREDITCARD']",15,False,True,False,True,,11,2,1,3,0,1,1,1,1764183158,False,True,,14,0.7857142857142857
793,4263c0c5-5f97-4202-a484-0e73c4bc1aa2,Parc du Mail (Bois de Coulonges / du Mail),8172,45.59833498124187,-73.54596734046936,"['KEY', 'CREDITCARD']",15,False,True,False,True,,10,2,0,5,0,1,1,1,1764183372,False,True,,15,0.6666666666666666
794,e92b9e0d-d575-40e4-9b57-b206b839fe76,Marché Jean-Talon (Casgrain / Shamrock),8133,45.53519006163501,-73.61548215150833,"['KEY', 'CREDITCARD']",29,False,True,False,True,,4,0,3,22,0,1,1,1,1764183976,False,True,,26,0.15384615384615385
797,dae6ca43-f6ab-4aa5-84c8-69e78b30f6d3,Bibliothèque d'Ahuntsic (Lajeunesse / Fleury),8098,45.5534000891078,-73.66225451231003,"['KEY', 'CREDITCARD']",15,False,True,False,True,,11,0,0,4,0,1,1,1,1764182757,False,True,,15,0.7333333333333333
798,68778270-f72b-4d9d-bb0a-e5b295a3c26c,La Tour de Montréal (Pierre-de-Coubertin / Bennett),8166,45.55970526805903,-73.55155438184738,"['KEY', 'CREDITCARD']",25,False,True,False,True,,3,2,0,22,0,1,1,1,1764183691,False,True,,25,0.12
799,73fb9d73-92b1-4616-b8a7-b71ba4bebcc1,Parc d'Antioche (Place d'Antioche / St-Zotique),8097,45.59566584124368,-73.5596626996994,"['KEY', 'CREDITCARD']",19,False,True,False,True,,5,1,0,14,0,1,1,1,1764183819,False,True,,19,0.2631578947368421
800,1929ef6b-926c-43b3-8c28-a3f28718e204,Hôpital Notre-Dame (Alexandre-DeSève),8132,45.525184121241864,-73.5618961509499,"['KEY', 'CREDITCARD']",21,False,True,False,True,,1,0,0,20,0,1,1,1,1764184020,False,True,,21,0.047619047619047616
801,26ea3651-0a88-440a-918a-fe81a8077f18,Fabrik8 (Waverly / Jean-Talon),8153,45.53330725719417,-73.62082242965698,"['KEY', 'CREDITCARD']",21,False,True,False,True,,19,5,1,1,0,1,1,1,1764182790,False,True,,20,0.95
803,e4641aa7-62fd-470e-ac5b-aee0be519c35,LaSalle / 90e avenue,8126,45.41774583815495,-73.64518761634827,"['KEY', 'CREDITCARD']",15,False,True,False,True,,4,2,0,11,0,1,1,1,1764183960,False,True,,15,0.26666666666666666
806,c97f5dc0-d333-451c-a225-41f171a44702,Parc Beaubien Outremont (Stuart / St-Viateur),8138,45.515969694922276,-73.60827505588531,"['KEY', 'CREDITCARD']",15,False,True,False,True,,1,0,4,10,0,1,1,1,1764183535,False,True,,11,0.09090909090909091
807,4e75758a-dacb-412e-b15f-3c5f9900833d,HEC (Decelles / Jean-Brillant),8117,45.497722829899764,-73.61925333738327,"['KEY', 'CREDITCARD']",25,False,True,False,True,,8,6,1,16,0,1,1,1,1764184090,False,True,,24,0.3333333333333333
808,a4d907bc-e97b-4795-bd82-13c812eda257,Parc Olympique (Pie-IX / Sherbrooke),8142,45.554824549823,-73.55370283126831,"['KEY', 'CREDITCARD']",25,False,True,False,True,,0,0,1,23,1,1,1,1,1764182595,False,True,,23,0.0
809,3f0a1043-40ce-4ca5-9dcb-d694df6f207d,de Chenonceau / Chomedey,9002,45.561542095410054,-73.75492699448841,"['KEY', 'CREDITCARD']",23,False,False,False,True,,0,0,0,23,0,1,1,1,1764182285,False,False,,23,0.0
815,0aa9a077-7cd9-435f-b776-18102e2ff7c7,Parc Hébert (Colbert / Provencher),8210,45.57237805962001,-73.59370462596415,"['KEY', 'CREDITCARD']",15,False,True,False,True,,7,2,0,8,0,1,1,1,1764183773,False,True,,15,0.4666666666666667
817,7057c633-1d55-4a4b-95a6-9331ef2c5330,Parc Garibaldi (Liénart / Bélanger),8155,45.586476480180046,-73.570396900177,"['KEY', 'CREDITCARD']",15,False,True,False,True,,4,3,0,11,0,1,1,1,1764183191,False,True,,15,0.26666666666666666
819,a2cf6f9b-4506-4d2f-bc3d-fa05204c3bd2,Parc Charleroi (Alfred / Louis-Francoeur),8154,45.59953472156509,-73.62360253930092,"['KEY', 'CREDITCARD']",15,False,True,False,True,,0,0,0,15,0,1,1,1,1764183817,False,True,,15,0.0
820,ad64d99f-82f9-4559-a6a9-0a32c33d9f2c,Parc Aimé-Léonard (Gouin / Ste-Gertrude),8127,45.60835820969716,-73.63850623369217,"['KEY', 'CREDITCARD']",17,False,True,False,True,,5,1,0,12,0,1,1,1,1764183468,False,True,,17,0.29411764705882354
821,4e093ca6-3f14-4c10-89b1-45d997b51c19,Parc Maurice-Bélanger (Hébert / Denommée),8195,45.5877138098252,-73.63171823322773,"['KEY', 'CREDITCARD']",15,False,True,False,True,,5,0,1,9,0,1,1,1,1764183681,False,True,,14,0.35714285714285715
822,d0f80c10-1c9f-44dd-aedd-344f9c355863,Place Émilie-Gamelin (St-Hubert / de Maisonneuve),8110,45.51586835126322,-73.56008380651474,"['KEY', 'CREDITCARD']",19,False,True,False,True,,3,0,1,15,0,1,1,1,1764183640,False,True,,18,0.16666666666666666
823,3c9cd0b8-981e-40a9-a17b-58bab3e6e4c6,Cégep du Vieux-Montréal (Ontario / de l'Hôtel-de-Ville),8167,45.51401222645779,-73.56598667800426,"['KEY', 'CREDITCARD']",15,False,True,False,True,,13,0,0,2,0,1,1,1,1764184011,False,True,,15,0.8666666666666667
824,5b5b7fe2-2a71-4138-9d8f-df9d30249832,Parc du Père-Marquette (de Bellechasse / de Lanaudière),8185,45.539306918976,-73.59521873295307,"['KEY', 'CREDITCARD']",19,False,True,False,True,,1,0,0,18,0,1,1,1,1764183490,False,True,,19,0.05263157894736842
825,9d6a7978-36fe-4a4c-8508-122e2ab566f0,Gare St-Michel / Montréal-Nord (Pie-IX / 56e),8193,45.583197821913785,-73.62978704273701,"['KEY', 'CREDITCARD']",15,False,True,False,True,,3,2,0,12,0,1,1,1,1764182521,False,True,,15,0.2
826,aca5c23d-4ae1-46ac-bbaf-b85d1bfcb51a,IUSMM (Georges-Villeneuve),8124,45.58661042838809,-73.52969169616699,"['KEY', 'CREDITCARD']",19,False,True,False,True,,9,2,0,10,0,1,1,1,1764183057,False,True,,19,0.47368421052631576
827,4d954a5c-d3ed-4a45-9f3c-b2997f8efa9d,Parc Eusèbe-Ménard (Gouin / St-Vital),8125,45.59253950875074,-73.64874824881554,"['KEY', 'CREDITCARD']",21,False,True,False,True,,11,5,0,10,0,1,1,1,1764182663,False,True,,21,0.5238095238095238
828,b1f4dd73-6a3b-4ac8-bdfe-8b3fc44b3901,CHSLD Joseph-François-Perrault (St-Michel / Everett),8159,45.55969734528566,-73.60145956277847,"['KEY', 'CREDITCARD']",18,False,True,False,True,,17,3,0,1,0,1,1,1,1764183617,False,True,,18,0.9444444444444444
829,c54f5794-33ba-40ac-b939-e610ec02a62a,Mairie d'arrondissement St-Laurent (Beaudet / Marcel-Laurin),8194,45.50682415585665,-73.68184804916382,"['KEY', 'CREDITCARD']",27,False,True,False,True,,0,0,0,27,0,1,1,1,1764182435,False,True,,27,0.0
830,58b5caa3-f5fb-405b-b5f1-7a768658a899,Hochelaga / de l'Assomption,8198,45.566883091095185,-73.53943817317486,"['KEY', 'CREDITCARD']",23,False,True,False,True,,22,1,0,1,0,1,1,1,1764183608,False,True,,23,0.9565217391304348
831,82119401-4811-45a7-b7f7-a5d35dbbf0b6,REM Montpellier (Muir / de la Côte-Vertu),8205,45.52374047147138,-73.67169924080372,"['KEY', 'CREDITCARD']",15,False,True,False,True,,2,0,1,12,0,1,1,1,1764183088,False,True,,14,0.14285714285714285
832,f665efbb-f296-41f2-bc5b-09eee701ba1e,Bibliothèque du Vieux-St-Laurent (de l'Église / Filiatrault),8158,45.512843286755896,-73.67612421512604,"['KEY', 'CREDITCARD']",18,False,True,False,True,,4,0,0,14,0,1,1,1,1764182783,False,True,,18,0.2222222222222222
833,55512ac5-1618-4035-b292-cab040c2439d,REM du Ruisseau (Dutrisac / Henri-Bourassa),8206,45.52814371649508,-73.69254536926746,"['KEY', 'CREDITCARD']",19,False,True,False,True,,1,0,5,13,0,1,1,1,1764182780,False,True,,14,0.07142857142857142
834,c3424ed2-ea5d-482d-a457-51c29bafb74f,Métro St-Laurent (de Maisonneuve / St-Laurent),8188,45.51074821798916,-73.56512099504471,"['KEY', 'CREDITCARD']",24,False,True,False,True,,24,0,0,0,0,1,1,1,1764183351,False,True,,24,1.0
835,d91d0057-b423-4e88-b39d-c0e409cad299,Parc Nicolas-Tillemont (des Érables / Villeray),8207,45.55463653358596,-73.61255215771962,"['KEY', 'CREDITCARD']",18,False,True,False,True,,3,2,1,14,0,1,1,1,1764184071,False,True,,17,0.17647058823529413
836,aaeb0ec2-6211-44bf-aa72-f9139a666e70,BAnQ (Berri),8209,45.51601387670667,-73.56291957199574,"['KEY', 'CREDITCARD']",15,False,True,False,True,,8,2,1,6,0,1,1,1,1764183501,False,True,,14,0.5714285714285714
837,78e20a26-cc4c-4e2c-a2ea-905b682d833f,Parc Ottawa (de Belleville / Fleury),8130,45.58116,-73.6412434,"['KEY', 'CREDITCARD']",15,False,True,False,True,,5,0,3,7,0,1,1,1,1764182557,False,True,,12,0.4166666666666667
838,9fe43b4e-a20a-4215-bb58-39d6cb701a39,CHSLD Robert Cliche (de Bellechasse / 16e avenue),8121,45.557568,-73.579191,"['KEY', 'CREDITCARD']",15,False,True,False,True,,0,0,0,15,0,1,1,1,1764184079,False,True,,15,0.0
840,9522795f-f047-48e4-b811-fcf932f59f63,Collège de Rosemont (Beaubien / 15e avenue),8204,45.55774990838239,-73.58380123972893,"['KEY', 'CREDITCARD']",29,False,True,False,True,,1,0,0,28,0,1,1,1,1764183811,False,True,,29,0.034482758620689655
841,1603dd7b-c11e-4948-8111-d89aaf47b4fe,Parc Armand-Bombardier (Perras / Armand-Bombardier),8196,45.6391233,-73.5961118,"['KEY', 'CREDITCARD']",15,False,True,False,True,,6,1,3,6,0,1,1,1,1764183299,False,True,,12,0.5
844,c3b2db27-db48-46f6-817a-eb44aba96f24,Quartier-Saint-Martin / Jeanne-Mance,9009,45.55972648673954,-73.74966476114878,"['KEY', 'CREDITCARD']",23,False,False,False,True,,0,0,2,21,0,1,1,1,1764182293,False,False,,21,0.0
848,0f987d93-4c44-46e2-a09d-143bf9027946,Préfontaine / Marcel-Pépin,8199,45.54365380040509,-73.55942063033581,"['KEY', 'CREDITCARD']",19,False,True,False,True,,1,0,0,18,0,1,1,1,1764183058,False,True,,19,0.05263157894736842
849,eb111fe5-a4ce-4286-bc1d-13e7316f4118,REM Bois-Franc (Keller / Cousineau),8203,45.52355020292929,-73.7138856947422,"['KEY', 'CREDITCARD']",15,False,True,False,True,,1,0,0,14,0,1,1,1,1764179500,False,True,,15,0.06666666666666667
850,3488ef16-7ac6-4f37-831d-e037ad6e4186,de Chambly / de Rouen,8118,45.5470496637535,-73.54892179369926,"['KEY', 'CREDITCARD']",11,False,True,False,True,,11,1,0,0,0,1,1,1,1764183684,False,True,,11,1.0
851,82fd73b3-60d5-4f6b-8172-c4a547088ef6,Hôpital général juif (de la Côte-Ste-Catherine / Légaré),8191,45.49624140543275,-73.62983867526054,"['KEY', 'CREDITCARD']",37,False,True,False,True,,0,0,0,37,0,1,1,1,1764183683,False,True,,37,0.0
852,64243bd5-1cfb-4351-8c35-0f87433af881,Parc Ernest-Rouleau (Gouin),8140,45.63131269772338,-73.61631497740746,"['KEY', 'CREDITCARD']",19,False,True,False,True,,9,2,0,10,0,1,1,1,1764183024,False,True,,19,0.47368421052631576
854,34f9f998-8673-42fd-849a-ca64c27bbd30,Square du Petit-Prince (des Appalaches / Alexis-Nihon),8200,45.51431824920811,-73.70799824595451,"['KEY', 'CREDITCARD']",15,False,True,False,True,,14,2,0,1,0,1,1,1,1764183360,False,True,,15,0.9333333333333333
855,76f1c3bb-04e6-4113-a0bf-e8d77ed8dbce,Parc Honoré-Mercier (Notre-Dame / Liébert),8192,45.59275253568305,-73.51035632193089,"['KEY', 'CREDITCARD']",27,False,True,False,True,,18,2,0,9,0,1,1,1,1764182753,False,True,,27,0.6666666666666666
857,c034c60d-e3ca-408d-8174-744f614f6ffe,de la Côte-Ste-Catherine / Decelles,8135,45.50094101588506,-73.62563699483871,"['KEY', 'CREDITCARD']",19,False,True,False,True,,0,0,0,19,0,1,1,1,1764182561,False,True,,19,0.0
860,5d654c70-ab8f-4103-9e18-c3e0e387bedd,Grenet / Poirier,8202,45.51871924623225,-73.69875401258469,"['KEY', 'CREDITCARD']",15,False,True,False,True,,2,0,0,13,0,1,1,1,1764183157,False,True,,15,0.13333333333333333
861,f6fe8e53-fd78-43cc-98b6-7b70e1cc52ac,Parc des Vétérans (des Vétérans / Broadway),8101,45.63147192165401,-73.50819479674101,"['KEY', 'CREDITCARD']",11,False,True,False,True,,7,2,0,4,0,1,1,1,1764183850,False,True,,11,0.6363636363636364
862,8dbba347-5fd8-474e-bf6b-da511882630a,Gare Lachine (Sir George Simpson / 48e avenue),8187,45.447821314280105,-73.71091783046722,"['KEY', 'CREDITCARD']",15,False,True,False,True,,0,0,2,13,0,1,1,1,1764183555,False,True,,13,0.0
863,7ea7a858-b653-444d-b06a-c22a94a139c3,Parc de l'Hôtel-de-Ville (Ste-Julie / Laurendeau),8100,45.630686043767284,-73.4948467835784,"['KEY', 'CREDITCARD']",19,False,True,False,True,,1,0,4,14,0,1,1,1,1764183426,False,True,,15,0.06666666666666667
866,c1645026-d504-47c8-824e-90e446e0bd81,Parc de Montréal-Est (Notre-Dame / David),8102,45.61316323215739,-73.50989364087582,"['KEY', 'CREDITCARD']",19,False,True,False,True,,14,3,3,2,0,1,1,1,1764183891,False,True,,16,0.875
867,10b5a217-8bea-4dd2-86f9-a2b4d52d33cb,Centre récréatif Édouard-Rivet (Notre-Dame / Lesage),8103,45.62846158049899,-73.49952153861523,"['KEY', 'CREDITCARD']",15,False,True,False,True,,4,0,0,11,0,1,1,1,1764183523,False,True,,15,0.26666666666666666
873,68e18dde-1035-418e-92d1-05b9a3353202,Place Ville-Marie (Robert-Bourassa / René-Lévesque),8093,45.502182909901194,-73.56825381517409,"['KEY', 'CREDITCARD']",33,False,True,False,True,,19,3,0,14,0,1,1,1,1764183515,False,True,,33,0.5757575757575758
874,666881f7-100d-48a4-b252-5a423122249a,Irwin / Allard,8111,45.44890342900198,-73.6049048602581,"['KEY', 'CREDITCARD']",15,False,True,False,True,,0,0,0,15,0,1,1,1,1764150979,False,True,,15,0.0
885,274f2222-f618-4998-9774-0506c42438ca,Gare LaSalle (Highlands),8122,45.425612687757926,-73.65713578464238,"['KEY', 'CREDITCARD']",19,False,True,False,True,,7,1,2,10,0,1,1,1,1764183787,False,True,,17,0.4117647058823529
886,0aace254-e55d-458a-8cb3-db7e6e3192de,Molson / William-Tremblay,8123,45.541602844435374,-73.56496073305605,"['KEY', 'CREDITCARD']",29,False,True,False,True,,2,0,1,26,0,1,1,1,1764183911,False,True,,28,0.07142857142857142
887,e9f39bee-d0c6-4986-8b79-d3fb5d68bea1,Carrefour Angrignon (Angrignon / Newman),8143,45.44843408492706,-73.6129454523325,"['KEY', 'CREDITCARD']",17,False,True,False,True,,3,0,1,13,0,1,1,1,1764184024,False,True,,16,0.1875
888,4e25443f-9edb-449e-afa3-9500780f10af,Complexe Desjardins (St-Urbain / René-Lévesque),8137,45.50788520688478,-73.56315059590997,"['KEY', 'CREDITCARD']",41,False,True,False,True,,4,0,0,37,0,1,1,1,1764182889,False,True,,41,0.0975609756097561
889,dd9b12e5-438f-4531-afcf-6c970fb9bd13,Parc St-Gabriel (Grand Trunk / Ropery),8156,45.478545712518894,-73.56572315096855,"['KEY', 'CREDITCARD']",19,False,True,False,True,,14,0,1,4,0,1,1,1,1764183435,False,True,,18,0.7777777777777778
899,060f0c50-48db-4abe-bc0f-6cf23a14ff9f,Logan / Poupart,8184,45.5300499902393,-73.54950785636902,"['KEY', 'CREDITCARD']",23,False,False,False,True,,7,0,0,16,0,1,1,1,1764183896,False,False,,23,0.30434782608695654
900,3719ae6f-2a27-45a9-9a39-caf84c1d619d,Fullum / de Rouen,8186,45.53225536243612,-73.55892024004788,"['KEY', 'CREDITCARD']",27,False,False,False,True,,7,0,0,20,0,1,1,1,1764184083,False,False,,27,0.25925925925925924
907,67d98869-e092-4631-9175-8c395394a396,Alexandre-DeSève / Ontario,8182,45.524378086614014,-73.56054916977882,"['KEY', 'CREDITCARD']",35,False,False,False,True,,6,1,1,28,0,1,1,1,1764183899,False,False,,34,0.17647058823529413
910,e58bcbe1-df5b-473e-993e-526003e8a03b,St-Patrick / Thomas-Keefer,8092,45.47801152713375,-73.57427294832632,"['KEY', 'CREDITCARD']",31,False,False,False,True,,30,1,0,1,0,1,1,1,1764183725,False,False,,31,0.967741935483871
912,02851bf0-8982-4a53-8132-b066e7d1aa6a,Garnier / du Mont-Royal,8174,45.53075597398246,-73.5761762317452,"['KEY', 'CREDITCARD']",23,False,False,False,True,,6,0,0,17,0,1,1,1,1764183465,False,False,,23,0.2608695652173913
913,785d7380-c62a-4a4e-9da1-a145fa9584b7,Collège André-Grasset (Crémazie / Christophe-Colomb),8223,45.550989649719114,-73.63216600382657,"['KEY', 'CREDITCARD']",19,False,True,False,True,,8,1,0,11,0,1,1,1,1764183449,False,True,,19,0.42105263157894735
915,ca39b5d2-11b0-4701-9233-7b25ffaabb74,Roy / Saint-Laurent,8173,45.51565182195085,-73.57577390039296,"['KEY', 'CREDITCARD']",23,False,False,False,True,,8,3,0,15,0,1,1,1,1764183366,False,False,,23,0.34782608695652173
916,684e31cb-0696-4f4b-a9ce-7f7dac99a851,de Bordeaux / Gilford,8175,45.53609044467119,-73.57616767287254,"['KEY', 'CREDITCARD']",23,False,False,False,True,,2,1,0,21,0,1,1,1,1764183396,False,False,,23,0.08695652173913043
917,73519af3-1a8f-441f-b6d1-fadfe322b1b5,Mackay / René-Lévesque,8218,45.494612133797396,-73.57463479042053,"['KEY', 'CREDITCARD']",31,False,False,False,True,,4,0,0,27,0,1,1,1,1764183700,False,False,,31,0.12903225806451613
919,f8679291-7153-4587-beaf-947d60684f8f,Ottawa / Young,8217,45.493709053274245,-73.55977854693263,"['KEY', 'CREDITCARD']",39,False,False,False,True,,34,0,0,5,0,1,1,1,1764184032,False,False,,39,0.8717948717948718
920,e5b7de1f-28bf-44c5-95d8-3ddf6f3126b0,Hodge / Laperrière,8157,45.51369983907863,-73.6650772206849,"['KEY', 'CREDITCARD']",19,False,True,False,True,,2,2,0,17,0,1,1,1,1764183993,False,True,,19,0.10526315789473684
927,0b783e50-3bf8-43b8-9c1d-5fcf2452a5a8,Mansfield / Sherbrooke,8219,45.50301533529815,-73.5751303658617,"['KEY', 'CREDITCARD']",35,False,False,False,True,,16,0,2,17,0,1,1,1,1764183840,False,False,,33,0.48484848484848486
928,9639ceeb-35a2-4b32-9a0a-84416f8386c4,de la Gauchetière / St-Alexandre,8220,45.50295893873599,-73.56374170638446,"['KEY', 'CREDITCARD']",19,False,False,False,True,,10,2,0,9,0,1,1,1,1764182654,False,False,,19,0.5263157894736842
929,473e10e0-0e7b-4aec-9e7c-0e117796c293,Plessis / Ontario,8183,45.523593057451045,-73.56109768152237,"['KEY', 'CREDITCARD']",19,False,False,False,True,,16,0,1,2,0,1,1,1,1764183709,False,False,,18,0.8888888888888888
930,80e564d9-eaf4-4d8c-b51d-eb020ea58589,Wolfe / Robin,8190,45.51959908817399,-73.56020073872969,"['KEY', 'CREDITCARD']",23,False,False,False,True,,11,0,1,11,0,1,1,1,1764182451,False,False,,22,0.5
931,a9efa9ba-8ec9-4676-9afb-2619aef368e9,Métro / REM Édouard-Montpetit (Vincent-d'Indy),8197,45.509884523107424,-73.61148834228516,"['KEY', 'CREDITCARD']",23,False,False,False,True,,2,2,3,18,0,1,1,1,1764184051,False,False,,20,0.1
932,a96e1906-63c3-4172-977e-6661f9c5fe76,Dorion / Ste-Catherine,8177,45.523601337663216,-73.55125665664673,"['KEY', 'CREDITCARD']",19,False,False,False,True,,15,0,0,4,0,1,1,1,1764183646,False,False,,19,0.7894736842105263
933,c08c0a73-151f-4157-8aaf-2842cdd527c5,St-Timothée / Ste-Catherine,8178,45.5170563208812,-73.55770137168292,"['KEY', 'CREDITCARD']",23,False,False,False,True,,2,0,0,21,0,1,1,1,1764183135,False,False,,23,0.08695652173913043
935,8b07cd9e-6b2b-48ed-9ebf-da8caeaef20b,Parc St-Patrick (St-Patrick / St-Columban),8224,45.48870785150952,-73.55899317193689,"['KEY', 'CREDITCARD']",19,False,True,False,True,,14,2,0,5,0,1,1,1,1764183408,False,True,,19,0.7368421052631579
936,b45aa673-62ef-4b1f-8d3a-453a9cc9d1c3,Le Royer / St-Laurent,8227,45.50597445022123,-73.55429930616083,"['KEY', 'CREDITCARD']",19,False,False,False,True,,7,1,0,12,0,1,1,1,1764183804,False,False,,19,0.3684210526315789
940,063f7b54-9cd1-4d6d-bd17-adaa2b1419a6,Hogan / Ontario,6800,45.53530299560492,-73.55113729834557,"['KEY', 'CREDITCARD']",11,False,False,False,True,,6,0,1,4,0,1,1,1,1764181627,False,False,,10,0.6
941,fffc2234-5eee-4b85-a047-5526bd3e8379,Collège Bois-de-Boulogne (Bois-de-Boulogne / Carrier),8215,45.53797871705978,-73.67647454151665,"['KEY', 'CREDITCARD']",25,False,True,False,True,,21,1,1,3,0,1,1,1,1764183439,False,True,,24,0.875
942,0940c255-e2c8-4ca7-8bf4-6d5231c7b2ea,Parc Howard (de l'Épée / de Liège),8228,45.533376932033164,-73.64228380847635,"['KEY', 'CREDITCARD']",21,False,True,False,True,,12,1,0,9,0,1,1,1,1764183631,False,True,,21,0.5714285714285714
948,27589fb9-0cff-426b-a757-25a5fa16dac5,Édouard-Montpetit / de Stirling,8229,45.50737888711866,-73.61485987901688,"['KEY', 'CREDITCARD']",31,False,True,False,True,,6,3,0,25,0,1,1,1,1764183166,False,True,,31,0.1935483870967742
949,172e1f5c-f354-4060-a9d9-db29f63a9f1d,Métro Rosemont (de St-Vallier / Rosemont),8230,45.53180536220488,-73.5975547786984,"['KEY', 'CREDITCARD']",15,False,True,False,True,,3,0,0,12,0,1,1,1,1764183810,False,True,,15,0.2
950,8f90531d-4007-42a4-96d2-af31d82e22fd,Parc Hector-Toe-Blake (du Sussex / René-Lévesque),8238,45.48915410275294,-73.58088755610879,"['KEY', 'CREDITCARD']",17,False,False,False,True,,1,0,0,16,0,1,1,1,1764183531,False,False,,17,0.058823529411764705
951,fe4931a3-10f6-4975-923d-4c6a1a7d064a,Parc Gabriel-Sagard (Jean-Talon / Sagard),8236,45.551409571315446,-73.6038225889206,"['KEY', 'CREDITCARD']",23,False,False,False,True,,1,0,1,21,0,1,1,1,1764182968,False,False,,22,0.045454545454545456
952,49c73117-6f77-49c3-abb3-bcf08ab4157f,Métro Viau (Pierre-de-Coubertin / Viau),8235,45.56228814999496,-73.54622590548388,"['KEY', 'CREDITCARD']",55,False,False,False,True,,26,0,1,28,0,1,1,1,1764180338,False,False,,54,0.48148148148148145
953,2d2efa91-75c5-4bec-8422-2452773f2b0c,Hamilton / Jolicoeur,8234,45.45604069169298,-73.59742097561139,"['KEY', 'CREDITCARD']",15,False,False,False,True,,11,0,2,2,0,1,1,1,1764183984,False,False,,13,0.8461538461538461
955,2e90a430-aa05-4d21-bf9f-d20ad2c89b3f,de Kent / Hudson,8231,45.5058412398175,-73.62931698560715,"['KEY', 'CREDITCARD']",27,False,False,False,True,,1,0,1,25,0,1,1,1,1764182774,False,False,,26,0.038461538461538464
956,528b563e-5309-44d2-a57b-805c1d2d5d3a,Ste-Émilie / Sir-Georges-Etienne-Cartier,8232,45.47302318351006,-73.58503722109162,"['KEY', 'CREDITCARD']",19,False,False,False,True,,13,1,1,5,0,1,1,1,1764183966,False,False,,18,0.7222222222222222
957,3792e09a-f9c7-4710-8599-6e6811c5bd0c,Calixa-Lavallée / Rachel,8239,45.52778299244644,-73.57167445577942,"['KEY', 'CREDITCARD']",29,False,True,False,True,,0,0,2,27,0,1,1,1,1764182336,False,True,,27,0.0
959,6d86bdc8-b318-4bae-ae86-f59eb0357e59,Molson / Beaubien,8237,45.54977750895228,-73.59132108093945,"['KEY', 'CREDITCARD']",23,False,False,False,True,,1,0,3,19,0,1,1,1,1764182847,False,False,,20,0.05
960,359fcea6-4235-4fed-96cd-25dc1925562f,Roy / St-André,8245,45.52156571295914,-73.57041887009473,"['KEY', 'CREDITCARD']",23,False,False,False,True,,1,1,1,21,0,1,1,1,1764184068,False,False,,22,0.045454545454545456
961,f72d4c24-0f8c-440d-9a34-15d8563ce1dc,35e avenue / Beaubien,8242,45.569996465032766,-73.57307481772295,"['KEY', 'CREDITCARD']",23,False,False,False,True,,4,0,1,18,0,1,1,1,1764182471,False,False,,22,0.18181818181818182
962,d0becf72-065f-46fe-b705-a9b06b76fc8e,Cité des Arts du Cirque (Paul-Boutet / Jarry),8243,45.55921886639137,-73.61400961875916,"['KEY', 'CREDITCARD']",35,False,False,False,True,,30,8,0,5,0,1,1,1,1764183662,False,False,,35,0.8571428571428571
963,bfab983d-9fe2-4468-8198-aea1b1e03159,St-Antoine / Jean-Paul Riopelle,8244,45.50304782909863,-73.56058964667682,"['KEY', 'CREDITCARD']",23,False,False,False,True,,6,1,1,16,0,1,1,1,1764183444,False,False,,22,0.2727272727272727
964,713264cd-70b8-45a7-b8a3-58d19cbd10f4,Fabre / Villeray,8246,45.550143604532124,-73.61581206321715,"['KEY', 'CREDITCARD']",23,False,False,False,True,,2,1,1,20,0,1,1,1,1764183390,False,False,,22,0.09090909090909091
965,516a2b6f-dd30-4f7c-9f21-ba58ee44f9d6,Papineau / Émile-Journault,8247,45.55991753389444,-73.63352854128607,"['KEY', 'CREDITCARD']",27,False,True,False,True,,8,1,1,18,0,1,1,1,1764182289,False,True,,26,0.3076923076923077
967,b7e128e1-3018-45c1-96a9-8ee52c602e52,Place Valois (Valois / Ontario),8252,45.54701750084233,-73.543126247896,"['KEY', 'CREDITCARD']",21,False,True,False,True,,5,0,1,15,0,1,1,1,1764182655,False,True,,20,0.25
968,6d544083-a7c7-4d3a-9bb6-022a501f4293,Georges-Vanier / Notre-Dame,8249,45.485069570611344,-73.57194995780446,"['KEY', 'CREDITCARD']",19,False,False,False,True,,11,1,1,7,0,1,1,1,1764183310,False,False,,18,0.6111111111111112
969,b8a32563-7149-4764-93eb-dd04e9522c34,Marquette / des Carrières,8250,45.5387230818472,-73.58870565891266,"['KEY', 'CREDITCARD']",27,False,False,False,True,,2,1,0,25,0,1,1,1,1764183765,False,False,,27,0.07407407407407407
971,94763d66-0888-4ed4-a531-455e19b240d4,de la Porte de Québec / St-André,8253,45.5132941,-73.5505781,"['KEY', 'CREDITCARD']",23,False,False,False,True,,5,0,1,17,0,1,1,1,1764183879,False,False,,22,0.22727272727272727
974,2ae15851-f4d0-4ea5-a1ea-79755548c9b1,Bassin Peel (Smith / de la Commune),8256,45.49272253623337,-73.55627238750458,"['KEY', 'CREDITCARD']",27,False,False,False,True,,27,0,0,0,0,1,1,1,1764183852,False,False,,27,1.0
977,4530b031-9368-4d95-91c8-2cbc4a5a1757,de la Côte-des-Neiges / Remembrance,8257,45.495506015418115,-73.60577141979775,"['KEY', 'CREDITCARD']",13,False,True,False,True,,0,0,1,12,0,1,1,1,1764183993,False,True,,12,0.0
978,69317078-7c43-4843-b09f-061129d778b5,Collège Ahuntsic (St-Hubert / Émile-Journault),8258,45.55118940267553,-73.64060204476118,"['KEY', 'CREDITCARD']",23,False,True,False,True,,8,0,1,14,0,1,1,1,1764183968,False,True,,22,0.36363636363636365
979,000a013a-deaf-4d3c-a942-b786dacd32b3,Collège de Maisonneuve (Sherbrooke / Bourbonnière),8259,45.55144364425768,-73.55469642207026,"['KEY', 'CREDITCARD']",17,False,True,False,True,,15,2,0,2,0,1,1,1,1764184046,False,True,,17,0.8823529411764706
980,4159ea2a-005c-4e96-972e-4013195feeef,Wellington / Queen,8260,45.49770377469073,-73.55534417554736,"['KEY', 'CREDITCARD']",21,False,True,False,True,,14,0,2,5,0,1,1,1,1764182482,False,True,,19,0.7368421052631579
981,84ca69ae-0852-43c7-8652-cf014874ed7a,de Courcelle / Acorn,8261,45.47400860229191,-73.59178466722369,"['KEY', 'CREDITCARD']",21,False,True,False,True,,14,1,0,7,0,1,1,1,1764184079,False,True,,21,0.6666666666666666
983,e50fcc2a-9335-410d-ad32-c714a0fea456,Armand-Frappier / Louis-R.-Renaud,9509,45.55473635476654,-73.73446963727474,"['KEY', 'CREDITCARD']",23,False,False,False,True,,0,0,0,23,0,1,1,1,1764183212,False,False,,23,0.0
984,bafbbb5e-34eb-44da-869b-762e08b6881a,Thomas-Chapais / Notre-Dame,9507,45.54207756205827,-73.74571412801743,"['KEY', 'CREDITCARD']",23,False,False,False,True,,1,0,0,22,0,1,1,1,1764184046,False,False,,23,0.043478260869565216
985,693a50a4-dfd9-4011-908a-e15ce12d335f,Métro Préfontaine (Moreau / Hochelaga),8241,45.541313503285316,-73.5537427291274,"['KEY', 'CREDITCARD']",31,False,True,False,True,,20,1,1,10,0,1,1,1,1764183684,False,True,,30,0.6666666666666666
988,f1bf7e90-8afc-4440-ac2a-bad20c15340f,Curé-Labelle / 77e Avenue,9501,45.5381776861757,-73.73784855008125,"['KEY', 'CREDITCARD']",19,False,False,False,True,,0,0,0,19,0,1,1,1,1764183939,False,False,,19,0.0
994,fe7aaf60-37a5-4184-84aa-00e19da4e5bd,Newman / Léger,8263,45.4423746754694,-73.61801972726425,"['KEY', 'CREDITCARD']",21,False,True,False,True,,1,0,0,20,0,1,1,1,1764183478,False,True,,21,0.047619047619047616
999,ec63ad8d-c413-4633-ac5f-59f7eba8bb34,Élodie-Boucher / Samson,9516,45.52563954870049,-73.77424752612569,"['KEY', 'CREDITCARD']",21,False,False,False,True,,0,0,0,21,0,1,1,1,1764183842,False,False,,21,0.0
1001,495038d1-a13d-4031-865f-51a44702811b,du Souvenir / Le Corbusier,9518,45.560429419497616,-73.72659265995026,"['KEY', 'CREDITCARD']",27,False,False,False,True,,0,0,0,27,0,1,1,1,1764183484,False,False,,27,0.0
1002,a9e9cfac-7989-4f9e-a394-e9260d099ba1,de la Concorde / Le Corbusier,9519,45.55443463102357,-73.7218625843525,"['KEY', 'CREDITCARD']",30,False,False,False,True,,0,0,1,29,0,1,1,1,1764175722,False,False,,29,0.0
1005,d30ff529-9051-408f-b904-20b1e68aa97a,Beauregard / Normandin,9522,45.56009988815697,-73.76683776590653,"['KEY', 'CREDITCARD']",23,False,False,False,True,,1,1,1,21,0,1,1,1,1764183915,False,False,,22,0.045454545454545456
1007,f897a6e0-df45-4bd9-9178-457228f7331e,Gare Vimont (Bellerose O),9523,45.60393931630844,-73.74249011278152,"['KEY', 'CREDITCARD']",21,False,True,False,True,,0,0,1,20,0,1,1,1,1764172233,False,True,,20,0.0
1008,d0325cd3-df32-4085-bc7d-64432498a18c,Parc Le Boutillier (Eliot),9524,45.54032294125352,-73.77539277076721,"['KEY', 'CREDITCARD']",23,False,False,False,True,,0,0,1,22,0,1,1,1,1764183988,False,False,,22,0.0
1009,231903df-559b-4e95-b8ea-953e0fdbc23d,Montgolfier / Notre-Dame,9525,45.533642184867496,-73.78074467225815,"['KEY', 'CREDITCARD']",31,False,False,False,True,,0,0,0,31,0,1,1,1,1764182978,False,False,,31,0.0
1010,5b660be7-8576-4a89-a1b4-f508bee1a966,Industriel / Dagenais O,9526,45.59784032225573,-73.75115096569061,"['KEY', 'CREDITCARD']",27,False,False,False,True,,0,0,0,27,0,1,1,1,1764182302,False,False,,27,0.0
1011,29bb5c28-bcd5-4602-b11b-3c2334c15651,de la Renaissance / Honoré Mercier,9527,45.601841286305586,-73.78161573011312,"['KEY', 'CREDITCARD']",19,False,False,False,True,,0,0,0,19,0,1,1,1,1764183137,False,False,,19,0.0
1013,ee782c8d-bc8f-4ba6-b7fa-f043c9db8188,d'Olympia / Olivier-Chauveau,9529,45.611450190629235,-73.74325728316762,"['KEY', 'CREDITCARD']",23,False,False,False,True,,0,0,1,22,0,1,1,1,1764177504,False,False,,22,0.0
1015,d62a381c-6a2d-443b-9e8b-2807f83d4e63,de Naples / St-Elzéar O,9531,45.60026798457808,-73.73215019702911,"['KEY', 'CREDITCARD']",30,False,False,False,True,,0,0,1,29,0,1,1,1,1764181604,False,False,,29,0.0
1017,b5900625-7ffe-438c-97ca-0a112428127d,Aréna Martin-St-Louis (Sylvie / Lauzon),9533,45.525663894676846,-73.80337625741959,"['KEY', 'CREDITCARD']",21,False,False,False,True,,0,0,2,19,0,1,1,1,1764182968,False,False,,19,0.0
1019,7e17cf2d-883d-4363-8777-1d58af520ce3,Parc Père-Vimont (de Palerme / Marc),9535,45.61727184162768,-73.7326980382204,"['KEY', 'CREDITCARD']",15,False,False,False,True,,0,0,0,15,0,1,1,1,1764183292,False,False,,15,0.0
1022,ab28d10e-495b-407e-8a60-b3c6086afb6a,Parc Jarry (Dautry / de Lorne),9539,45.52311386011815,-73.81716683506966,"['KEY', 'CREDITCARD']",27,False,False,False,True,,8,2,3,16,0,1,1,1,1764182892,False,False,,24,0.3333333333333333
1024,1cf1405d-869b-4bbd-9378-1493cf9850ea,Hôtel de Ville (Chomedey / Cardinal),9541,45.55031274757401,-73.74430596828459,"['KEY', 'CREDITCARD']",19,False,False,False,True,,7,1,1,11,0,1,1,1,1764184028,False,False,,18,0.3888888888888889
1029,e2577827-f39b-4b69-8d00-a81eb796ac0c,des Rossignols / des Oiseaux,9549,45.591144358842655,-73.77203732728958,"['KEY', 'CREDITCARD']",15,False,False,False,True,,0,0,0,15,0,1,1,1,1764182591,False,False,,15,0.0
1031,5c135cf0-581a-407f-a3e5-4ae245b48866,du Bord-de-l'Eau / Lafontaine,9544,45.52353670109064,-73.84992018352932,"['KEY', 'CREDITCARD']",19,False,False,False,True,,3,0,1,15,0,1,1,1,1764182516,False,False,,18,0.16666666666666666
1032,643da16d-bc5f-461f-91b4-ca13e17d2652,Parc Hôtel de Ville (de l'Hôtel-de-Ville / Principale),9538,45.529797075820866,-73.81473809480667,"['KEY', 'CREDITCARD']",19,False,False,False,True,,2,0,0,17,0,1,1,1,1764182312,False,False,,19,0.10526315789473684
1057,8f66ed85-1858-4db7-bf99-7843ab4c845b,de la Commune / Nazareth,8270,45.49355658424554,-73.55335976463721,"['KEY', 'CREDITCARD']",19,False,True,False,True,,10,0,0,9,0,1,1,1,1764183847,False,True,,19,0.5263157894736842
1058,a2c2c14a-3ff2-4d6e-9557-9582ab3b60ad,de la Commune / McGill,8267,45.498633663212246,-73.55275064706802,"['KEY', 'CREDITCARD']",56,False,False,False,True,,36,0,1,19,0,1,1,1,1764183601,False,False,,55,0.6545454545454545
1059,66af5c56-f0ec-40b6-8562-8015007f2fab,Cavendish / Dr.-Frederick-Philips,8164,45.4973653331708,-73.70085525519244,"['KEY', 'CREDITCARD']",19,False,True,False,True,,14,1,1,4,0,1,1,1,1764183284,False,True,,18,0.7777777777777778
1060,c65ad946-fdc6-4c45-b8fb-9968959e19b7,Parc du Père-Marquette (de Bellechasse),8266,45.53952827163164,-73.59497129917145,"['KEY', 'CREDITCARD']",36,False,False,False,True,,0,0,0,36,0,1,1,1,1764183546,False,False,,36,0.0
1061,0e3b644e-d688-4634-90cc-f632e3fce919,Métro Champ-de-Mars (Viger / Sanguinet),8268,45.51034914842941,-73.55668598416742,"['KEY', 'CREDITCARD']",37,False,True,False,True,,36,2,1,0,0,1,1,1,1764182795,False,True,,36,1.0
1062,c34a9829-5d77-4138-b668-b653c86946b3,Place des Montréalaises (St-Antoine),8269,45.50882509254338,-73.55598378188006,"['KEY', 'CREDITCARD']",17,False,True,False,True,,16,0,1,0,0,1,1,1,1764182525,False,True,,16,1.0
1063,0d930ec8-d754-4b78-a1ed-fdb022dce45a,Parc de Roxboro (11e Avenue / 9e Rue),8168,45.50597470475642,-73.80355596542358,"['KEY', 'CREDITCARD']",19,False,False,False,True,,4,0,1,14,0,1,1,1,1764183153,False,False,,18,0.2222222222222222
1064,5ddd3812-b7c4-4ec6-93c8-b66a45de5d6d,de Pierrefonds / Athéna,8169,45.50568897661343,-73.82263720035553,"['KEY', 'CREDITCARD']",23,False,False,False,True,,0,0,1,22,0,1,1,1,1764183421,False,False,,22,0.0
1065,3da6a855-d72f-4d66-81a8-7e2d95bdb6b8,Fredmir / de Pierrefonds,8170,45.50090281462489,-73.83851587772368,"['KEY', 'CREDITCARD']",23,False,False,False,True,,7,0,1,15,0,1,1,1,1764183183,False,False,,22,0.3181818181818182
1066,c5fe753d-4e72-489b-aa2a-c5805e202f04,Mairie d'arrondissement de Pierrefonds-Roxboro (St-Léon / de Pierrefonds),8171,45.494905438779526,-73.84810745716095,"['KEY', 'CREDITCARD']",23,False,False,False,True,,9,0,3,11,0,1,1,1,1764184087,False,False,,20,0.45
1067,7c1ce371-59aa-4f23-b00c-93dd6d6782c4,Esther-Blondin / de Pierrefonds,8221,45.48595518867486,-73.8582918047905,"['KEY', 'CREDITCARD']",23,False,False,False,True,,13,0,2,8,0,1,1,1,1764182950,False,False,,21,0.6190476190476191
1068,f3455809-07af-4bb8-b105-4f96dd3ed15f,Parc du Château-Pierrefonds (de Pierrefonds / du Château-Pierrefonds),8225,45.459423258699,-73.89367818832397,"['KEY', 'CREDITCARD']",23,False,False,False,True,,3,0,1,19,0,1,1,1,1764182846,False,False,,22,0.13636363636363635
1069,3cae3035-3f3b-420d-a600-a13967538d85,Parc Nature du Cap-St-Jacques (Gouin O./ Pilon),8264,45.46182003430373,-73.91838669776917,"['KEY', 'CREDITCARD']",23,False,False,False,True,,16,0,0,7,0,1,1,1,1764183092,False,False,,23,0.6956521739130435
1070,7110b8a0-c75a-4d59-8e13-ba5c52a8ccef,Cégep Gérald-Godin (Gouin),8265,45.482859876285694,-73.86814624071121,"['KEY', 'CREDITCARD']",23,False,False,False,True,,5,0,1,17,0,1,1,1,1764183968,False,False,,22,0.22727272727272727
1071,f58bd287-e721-4b18-a348-e185819831b5,St-Charles / De Pierrefonds,8271,45.46913577797582,-73.87560278177261,"['KEY', 'CREDITCARD']",23,False,False,False,True,,3,0,2,18,0,1,1,1,1764182697,False,False,,21,0.14285714285714285
1072,bee8710b-31e9-44b3-94cb-d6a1ffda7293,Plage du Parc-Nature du Cap Saint-Jacques (de la Plage / Service),8222,45.46236592807872,-73.94042396146688,"['KEY', 'CREDITCARD']",23,False,False,False,True,,8,0,0,15,0,1,1,1,1764183639,False,False,,23,0.34782608695652173
1073,05c4553d-89e3-4b91-8489-664ecf637338,Bourbonnière / du Mont-Royal,8272,45.553670040779544,-73.56069624434895,"['KEY', 'CREDITCARD']",27,False,False,False,True,,1,1,1,25,0,1,1,1,1764183055,False,False,,26,0.038461538461538464
1074,a3e747d3-6d27-46fc-a0c7-fa7db10d98aa,de la Commune / Berri,8273,45.510605539174136,-73.55013172608778,"['KEY', 'CREDITCARD']",54,False,True,False,True,,20,0,2,32,0,1,1,1,1764184063,False,True,,52,0.38461538461538464
1112,9ad1423c-2e7e-4615-b3a7-1cb31ad866f7,Parc Olympique - Biodôme (Pierre-de-Coubertin),8320,45.559145624076656,-73.54894191026688,"['KEY', 'CREDITCARD']",53,False,True,False,True,,2,0,1,50,0,1,1,1,1764182735,False,True,,52,0.038461538461538464
1113,3b109222-b4b9-4c28-850d-b6ebac2e60e6,INRS (Cartier O / Armand-Frappier),9550,45.5450841484476,-73.7206743657589,"['KEY', 'CREDITCARD']",21,False,True,False,True,,0,0,0,21,0,1,1,1,1764183160,False,True,,21,0.0
1114,fa46b60c-a0d8-4a7a-87f2-ab307f7c859b,Square Viger (Berri),8274,45.512204335151516,-73.55460837492501,"['KEY', 'CREDITCARD']",27,False,False,False,True,,26,0,1,0,0,1,1,1,1764183698,False,False,,26,1.0
1115,3afa492f-bbe9-47b3-8ad0-2c1e92e62152,Parc Jenkins (Jenkins / Skaniatarati),8296,45.438047191290174,-73.66213381290436,"['KEY', 'CREDITCARD']",23,False,False,False,True,,0,0,0,23,0,1,1,1,1764183561,False,False,,23,0.0
1116,79434098-cf03-4bd3-9126-406209ec39f9,de la Vérendrye / Dollard,8291,45.42347069343563,-73.62264901399612,"['KEY', 'CREDITCARD']",19,False,False,False,True,,4,1,0,15,0,1,1,1,1764183386,False,False,,19,0.21052631578947367
1117,e1728228-6fbd-4d9f-a1f1-0c345798fed0,Parc Maisonneuve - Chalet (Accès Sherbrooke),8276,45.56170904828535,-73.55649769306183,"['KEY', 'CREDITCARD']",23,False,False,False,True,,0,0,0,23,0,1,1,1,1764182970,False,False,,23,0.0
1118,ad3c017e-76af-448b-bb43-69a570bbae90,Bennett / Pierre-de-Coubertin,8292,45.55817280684129,-73.54849934577942,"['KEY', 'CREDITCARD']",21,False,False,False,True,,21,0,0,0,0,1,1,1,1764183391,False,False,,21,1.0
1119,6b3eb3a8-c265-4870-8a3a-64f20c017735,Parc Leta-Graydon (Bouvier / Jacqueline-Sicotte),8290,45.431986656382435,-73.61139178276062,"['KEY', 'CREDITCARD']",17,False,False,False,True,,10,3,0,7,0,1,1,1,1764182331,False,False,,17,0.5882352941176471
1121,6f9788d7-de29-4955-b6b8-2e22b8d9e975,Bennett / Ontario,8279,45.55555101888706,-73.54010224353259,"['KEY', 'CREDITCARD']",21,False,True,False,True,,11,0,0,10,0,1,1,1,1764183949,False,True,,21,0.5238095238095238
1122,9100873f-a430-4115-be72-f8fe613024c2,Villeray / de Normanville,8281,45.54717111969908,-73.61856222163624,"['KEY', 'CREDITCARD']",21,False,False,False,True,,2,0,0,19,0,1,1,1,1764183513,False,False,,21,0.09523809523809523
1123,10914fc3-ba63-4346-b573-289c5db1cdb1,des Galeries d'Anjou / Bélanger,8277,45.59721640861631,-73.56278792029116,"['KEY', 'CREDITCARD']",23,False,False,False,True,,11,2,0,12,0,1,1,1,1764183974,False,False,,23,0.4782608695652174
1124,3de821b8-1eec-496a-aed3-fadc9dac16a5,Parc Marguerite-Bourgeoys (Liverpool / Wellington),8282,45.47619292559004,-73.55964884172863,"['KEY', 'CREDITCARD']",15,False,False,False,True,,14,1,0,1,0,1,1,1,1764182350,False,False,,15,0.9333333333333333
1125,4d76abed-924d-4b73-ac6d-d1428d8eab47,Bourret / Victoria,8283,45.493228315327634,-73.63453924655914,"['KEY', 'CREDITCARD']",23,False,False,False,True,,4,0,0,19,0,1,1,1,1764182488,False,False,,23,0.17391304347826086
1126,5a75eead-2986-4826-9778-3c935564fe17,Côte-des-Neiges / Carlton,8280,45.50173704827292,-73.63384701317045,"['KEY', 'CREDITCARD']",21,False,False,False,True,,4,0,1,16,0,1,1,1,1764183496,False,False,,20,0.2
1127,23b64256-1bcb-4fd9-85f8-c8b68043a731,Métro Assomption (Chauveau / Assomption),8275,45.56976664063183,-73.54805678129196,"['KEY', 'CREDITCARD']",19,False,False,False,True,,3,0,0,16,0,1,1,1,1764182938,False,False,,19,0.15789473684210525
1128,7663e576-6924-4729-9572-27af95734fe3,Parc Leroux (Centrale / Alepin),8285,45.43442977018593,-73.59671473503113,"['KEY', 'CREDITCARD']",15,False,False,False,True,,4,0,2,9,0,1,1,1,1764183550,False,False,,13,0.3076923076923077
1129,5428b6dd-bd79-4ac5-b4dc-3acd76a8c923,René-Lévesque / Berlioz,8288,45.467215228512806,-73.53769809007643,"['KEY', 'CREDITCARD']",21,False,False,False,True,,13,0,0,8,0,1,1,1,1764182568,False,False,,21,0.6190476190476191
1130,898a0144-435c-4fd0-8486-7a755dbb753c,Gordon / Wellington,8284,45.46103554361523,-73.5669556260109,"['KEY', 'CREDITCARD']",15,False,False,False,True,,4,0,1,10,0,1,1,1,1764184051,False,False,,14,0.2857142857142857
1131,0331f68d-a621-4f52-94d1-48a8559bb915,de la Gauchetière / de la Cathédrale,8287,45.4980341129844,-73.56796897952336,"['KEY', 'CREDITCARD']",49,False,False,False,True,,10,0,1,38,0,1,1,1,1764183363,False,False,,48,0.20833333333333334
1133,e5f3bae6-bba0-4044-a017-44d5b038c9c8,Durocher / Bernard,8286,45.522315188826234,-73.60694468021393,"['KEY', 'CREDITCARD']",21,False,False,False,True,,1,1,2,18,0,1,1,1,1764183292,False,False,,19,0.05263157894736842
1136,bfc645ba-2732-4599-8450-b55dd3f69e9e,Hôtel-de-Ville / Viger,8294,45.50956122150542,-73.5575021803379,"['KEY', 'CREDITCARD']",23,False,False,False,True,,10,1,0,13,0,1,1,1,1764182565,False,False,,23,0.43478260869565216
1137,0f8b9418-0ae3-42a0-b287-9bfdcdee22ad,Parc Ignace-Bourget (de Montmagny / Newman),8299,45.455294517774085,-73.60327452426645,"['KEY', 'CREDITCARD']",15,False,False,False,True,,11,0,0,4,0,1,1,1,1764182516,False,False,,15,0.7333333333333333
1138,01028405-e81d-47d9-a425-e73618c45fa0,Lionel-Groulx / Vinet,8295,45.48466800317713,-73.57627496123314,"['KEY', 'CREDITCARD']",19,False,False,False,True,,6,0,0,13,0,1,1,1,1764183985,False,False,,19,0.3157894736842105
1139,8fb6d71c-d09c-4114-912c-e6c638fe3a81,Place de la Fontaine / Berlioz,8293,45.463378819186964,-73.543770089791,"['KEY', 'CREDITCARD']",21,False,True,False,True,,4,1,0,17,0,1,1,1,1764183366,False,True,,21,0.19047619047619047
1140,c7eb32e0-d71b-4364-9d6d-f3f23906033b,Benny / Sherbrooke,8300,45.46482582806366,-73.62641725691446,"['KEY', 'CREDITCARD']",23,False,True,False,True,,3,1,0,20,0,1,1,1,1764183166,False,True,,23,0.13043478260869565
1141,96b252fa-b79f-4ee7-95bc-eee2a17fe6fd,Parc des Gorilles (Beaubien / St-Urbain),8301,45.52930084902495,-73.61084148298687,"['KEY', 'CREDITCARD']",21,False,True,False,True,,17,1,4,0,0,1,1,1,1764183880,False,True,,17,1.0
1142,657ad056-970b-4ab8-8bb1-957843f08f85,René-Lévesque / de Lorimier,8308,45.52403658541655,-73.54700177929772,"['KEY', 'CREDITCARD']",21,False,True,False,True,,8,0,0,13,0,1,1,1,1764183481,False,True,,21,0.38095238095238093
1143,eb573208-1438-437b-b5ed-16b3cc722ce9,du Séminaire / Olier,8298,45.49012964196478,-73.56009185314178,"['KEY', 'CREDITCARD']",29,False,False,False,True,,13,0,0,16,0,1,1,1,1764183531,False,False,,29,0.4482758620689655
1146,7356bea9-fe41-4232-9eb0-9dcbceac1c61,de Maisonneuve / Mackay,8278,45.49643134687886,-73.57884533707873,"['KEY', 'CREDITCARD']",19,False,False,False,True,,15,1,2,2,0,1,1,1,1764183846,False,False,,17,0.8823529411764706
1147,5a517d4d-9c14-4807-96ed-668274b61ee6,Gaétan-Laberge / de l'Église,8302,45.463245080202704,-73.56246940797064,"['KEY', 'CREDITCARD']",19,False,False,False,True,,10,1,0,9,0,1,1,1,1764182858,False,False,,19,0.5263157894736842
1148,fa2ac37b-1c80-4992-811b-dc7464743f5e,Rachel / Émile-Duployé,8303,45.52998198477728,-73.5697822273869,"['KEY', 'CREDITCARD']",23,False,False,False,True,,7,0,0,16,0,1,1,1,1764183541,False,False,,23,0.30434782608695654
1149,d86bd3bb-42ba-4591-8734-19fa8e8520d8,Parc du Mont-Royal (Remembrance),8304,45.49916297751204,-73.60059401393755,"['KEY', 'CREDITCARD']",25,False,False,False,True,,0,0,1,24,0,1,1,1,1764183541,False,False,,24,0.0
1150,6d7daed0-13a4-4ccd-af9a-f3cd22622420,de l'Inspecteur / Notre-Dame,8305,45.49711663419972,-73.56232774259296,"['KEY', 'CREDITCARD']",18,False,False,False,True,,17,0,0,1,0,1,1,1,1764184001,False,False,,18,0.9444444444444444
1151,10d8b051-5c90-4aeb-a9c2-4e62cc2bcafc,Rose-de-Lima / Delisle,8306,45.480765376385946,-73.58193688100073,"['KEY', 'CREDITCARD']",21,False,True,False,True,,12,0,1,8,0,1,1,1,1764183936,False,True,,20,0.6
1152,7e32c6de-30af-445e-b4d7-1374e179ecbf,Moreau / Ontario,8307,45.53957807580748,-73.54867860685772,"['KEY', 'CREDITCARD']",29,False,True,False,True,,18,0,3,8,0,1,1,1,1764183859,False,True,,26,0.6923076923076923
1153,f6b1bfdb-da19-4a86-a8be-545d5909a496,Boileau / Lacordaire,8311,45.57255764567977,-73.54107509424011,"['KEY', 'CREDITCARD']",23,False,True,False,True,,20,1,0,3,0,1,1,1,1764183125,False,True,,23,0.8695652173913043
1155,d46a5dc1-da53-46df-9de3-9db78e7d675b,Parc Beaubien (Beaubien / 8e avenue),8310,45.553207390555116,-73.58809328639836,"['KEY', 'CREDITCARD']",21,False,True,False,True,,4,1,2,15,0,1,1,1,1764183824,False,True,,19,0.21052631578947367
